,icao24,estdepartureairport,estarrivalairport,day,model,manufacturername,ModelFullName
0,44047d,LIRF,LIMC,1658102400,Legacy 600,Embraer,Legacy 600
1,44047d,LIPZ,LIRQ,1660521600,Legacy 600,Embraer,Legacy 600
2,44047d,LIML,LIRA,1658620800,Legacy 600,Embraer,Legacy 600
3,44047d,LIMJ,LIML,1658534400,Legacy 600,Embraer,Legacy 600
4,3c10aa,LIPZ,LIML,1654905600,Legacy 600,Embraer,Legacy 600
5,3c10aa,LIML,LIRA,1666051200,Legacy 600,Embraer,Legacy 600
6,3c10aa,LIRP,LIMC,1653696000,Legacy 600,Embraer,Legacy 600
7,3c10aa,LIRP,LIML,1644883200,Legacy 600,Embraer,Legacy 600
8,3c10aa,LIRP,LIML,1666137600,Legacy 600,Embraer,Legacy 600
9,3c10aa,LIRZ,LIRA,1649116800,Legacy 600,Embraer,Legacy 600
10,4d2094,LIPZ,LIRP,1653264000,Legacy 600,Embraer,Legacy 600
11,4d2094,LIRP,LIRA,1654214400,Legacy 600,Embraer,Legacy 600
12,4d2094,LIRZ,LIPZ,1653177600,Legacy 600,Embraer,Legacy 600
13,e4836d,LIML,LIPZ,1658793600,Legacy 600,Embraer,Legacy 600
14,e4836d,LIRA,LIRQ,1658620800,Legacy 600,Embraer,Legacy 600
15,e4836d,LIRQ,LIML,1658620800,Legacy 600,Embraer,Legacy 600
16,e4836d,LIRQ,LIMJ,1662163200,Legacy 600,Embraer,Legacy 600
17,e4836d,LIPX,LIRA,1663804800,Legacy 600,Embraer,Legacy 600
18,e4836d,LIMJ,LIAT,1663372800,Legacy 600,Embraer,Legacy 600
19,440190,LIPE,LIRP,1650240000,Legacy 600,Embraer,Legacy 600
20,440190,LIPX,LIPH,1661472000,Legacy 600,Embraer,Legacy 600
21,49d044,LIRP,LIMJ,1659052800,Legacy 600,Embraer,Legacy 600
22,49d044,LIRP,LIMJ,1659225600,Legacy 600,Embraer,Legacy 600
23,488d61,LIMJ,LIRP,1655769600,Legacy 600,Embraer,Legacy 600
24,49d0e0,LIPQ,LIPX,1656028800,Legacy 600,Embraer,Legacy 600
25,49d3ac,LIRF,LIPZ,1662681600,Citation Excel,Cessna,Citation Excel
26,49d3ac,LIMC,LIML,1648080000,Citation Excel,Cessna,Citation Excel
27,49d3ac,LIPZ,LIRA,1665792000,Citation Excel,Cessna,Citation Excel
28,49d3ac,LIBD,LIRA,1670803200,Citation Excel,Cessna,Citation Excel
29,49d3ac,LIMZ,LIAT,1664928000,Citation Excel,Cessna,Citation Excel
30,49d03d,LIML,LIRA,1665878400,Citation Excel,Cessna,Citation Excel
31,49d03d,LIPE,LIMF,1649116800,Citation Excel,Cessna,Citation Excel
32,490d04,LIRF,LIML,1657929600,Challenger 350,Bombardier,Challenger 350
33,490d04,LIML,LIMC,1671494400,Challenger 350,Bombardier,Challenger 350
34,490d04,LIML,LIRA,1645920000,Challenger 350,Bombardier,Challenger 350
35,490d04,LIRA,LIRP,1656892800,Challenger 350,Bombardier,Challenger 350
36,490d04,LIRA,LIPX,1641945600,Challenger 350,Bombardier,Challenger 350
37,490d04,LIRA,LIPX,1650499200,Challenger 350,Bombardier,Challenger 350
38,490d04,LIRP,LIPH,1660348800,Challenger 350,Bombardier,Challenger 350
39,490d04,LIPH,LIRP,1660435200,Challenger 350,Bombardier,Challenger 350
40,490d04,LIPX,LIRA,1641945600,Challenger 350,Bombardier,Challenger 350
41,490d04,LIPX,LIRA,1650499200,Challenger 350,Bombardier,Challenger 350
42,490d07,LIRF,LIRQ,1657324800,Challenger 350,Bombardier,Challenger 350
43,490d07,LIPZ,LIRA,1648339200,Challenger 350,Bombardier,Challenger 350
44,490d07,LIML,LIRZ,1654992000,Challenger 350,Bombardier,Challenger 350
45,490d07,LIRA,LIPZ,1655164800,Challenger 350,Bombardier,Challenger 350
46,490d07,LIRA,LIPZ,1648166400,Challenger 350,Bombardier,Challenger 350
47,490d07,LIRA,LIMJ,1641427200,Challenger 350,Bombardier,Challenger 350
48,490d07,LIPX,LIRA,1655769600,Challenger 350,Bombardier,Challenger 350
49,4d2102,LIMC,LIPZ,1650585600,Challenger 350,Bombardier,Challenger 350
50,4d2102,LIPZ,LIMC,1670112000,Challenger 350,Bombardier,Challenger 350
51,4d2102,LIPZ,LIPE,1650844800,Challenger 350,Bombardier,Challenger 350
52,4d2102,LIPZ,LIBR,1652486400,Challenger 350,Bombardier,Challenger 350
53,4d2102,LIRA,LIMC,1655769600,Challenger 350,Bombardier,Challenger 350
54,4d2102,LIRA,LIML,1670457600,Challenger 350,Bombardier,Challenger 350
55,4d2102,LIRQ,LIRA,1662595200,Challenger 350,Bombardier,Challenger 350
56,4d2102,LIMF,LIPQ,1645747200,Challenger 350,Bombardier,Challenger 350
57,4d2102,LIPQ,LIMF,1645747200,Challenger 350,Bombardier,Challenger 350
58,4d2102,LIPR,LIPE,1660867200,Challenger 350,Bombardier,Challenger 350
59,4d2102,LIPK,LIML,1643673600,Challenger 350,Bombardier,Challenger 350
60,4d2102,LIPO,LIPE,1656288000,Challenger 350,Bombardier,Challenger 350
61,4d20e6,LIMC,LIML,1665532800,Challenger 350,Bombardier,Challenger 350
62,4d20e6,LIMC,LIRA,1666396800,Challenger 350,Bombardier,Challenger 350
63,4d20e6,LIMC,LIRA,1657324800,Challenger 350,Bombardier,Challenger 350
64,4d20e6,LIPZ,LIRP,1655424000,Challenger 350,Bombardier,Challenger 350
65,4d20e6,LIML,LIRA,1651449600,Challenger 350,Bombardier,Challenger 350
66,4d20e6,LIML,LIRA,1667865600,Challenger 350,Bombardier,Challenger 350
67,4d20e6,LIML,LIRP,1646352000,Challenger 350,Bombardier,Challenger 350
68,4d20e6,LIML,LIPY,1644969600,Challenger 350,Bombardier,Challenger 350
69,4d20e6,LIML,LIRZ,1641686400,Challenger 350,Bombardier,Challenger 350
70,4d20e6,LIRA,LIML,1651449600,Challenger 350,Bombardier,Challenger 350
71,4d20e6,LIME,LIPZ,1654041600,Challenger 350,Bombardier,Challenger 350
72,4d2119,LIMC,LIML,1659484800,Challenger 350,Bombardier,Challenger 350
73,4d2119,LIMC,LIPO,1650153600,Challenger 350,Bombardier,Challenger 350
74,4d2119,LIPZ,LIRA,1656547200,Challenger 350,Bombardier,Challenger 350
75,4d2119,LIPZ,LIRQ,1654905600,Challenger 350,Bombardier,Challenger 350
76,4d2119,LIPZ,LIMZ,1650412800,Challenger 350,Bombardier,Challenger 350
77,4d2119,LIPZ,LIPO,1650240000,Challenger 350,Bombardier,Challenger 350
78,4d2119,LIML,LIMC,1648944000,Challenger 350,Bombardier,Challenger 350
79,4d2119,LIML,LIRZ,1653955200,Challenger 350,Bombardier,Challenger 350
80,4d2119,LIML,LIRZ,1651622400,Challenger 350,Bombardier,Challenger 350
81,4d2119,LIRA,LIML,1645920000,Challenger 350,Bombardier,Challenger 350
82,4d2119,LIRA,LIPX,1656547200,Challenger 350,Bombardier,Challenger 350
83,4d2119,LIMJ,LIMF,1663632000,Challenger 350,Bombardier,Challenger 350
84,4d2119,LIPR,LIBD,1657238400,Challenger 350,Bombardier,Challenger 350
85,4d2119,LIRZ,LIML,1646438400,Challenger 350,Bombardier,Challenger 350
86,490d02,LIMC,LIRA,1655683200,Challenger 350,Bombardier,Challenger 350
87,490d02,LIMC,LIMJ,1662249600,Challenger 350,Bombardier,Challenger 350
88,490d02,LIRA,LIPX,1651536000,Challenger 350,Bombardier,Challenger 350
89,490d02,LIRA,LIEO,1659052800,Challenger 350,Bombardier,Challenger 350
90,490d02,LIRP,LIRA,1658966400,Challenger 350,Bombardier,Challenger 350
91,490d02,LIPX,LIRA,1651536000,Challenger 350,Bombardier,Challenger 350
92,490d02,LIMJ,LIQL,1656028800,Challenger 350,Bombardier,Challenger 350
93,490d02,LIPB,LIPX,1659916800,Challenger 350,Bombardier,Challenger 350
94,490d01,LIMC,LICJ,1664323200,Challenger 350,Bombardier,Challenger 350
95,490d01,LIMC,LIPB,1661558400,Challenger 350,Bombardier,Challenger 350
96,490d01,LIPZ,LIRQ,1665532800,Challenger 350,Bombardier,Challenger 350
97,490d01,LIRA,LICJ,1650585600,Challenger 350,Bombardier,Challenger 350
98,490d01,LIRQ,LIMC,1661472000,Challenger 350,Bombardier,Challenger 350
99,490d01,LIRQ,LIRA,1658361600,Challenger 350,Bombardier,Challenger 350
100,490d01,LIRQ,LIRA,1664582400,Challenger 350,Bombardier,Challenger 350
101,490d01,LIRZ,LIMA,1653091200,Challenger 350,Bombardier,Challenger 350
102,4d20e8,LIMC,LIAT,1649289600,Challenger 350,Bombardier,Challenger 350
103,4d20e8,LIPZ,LIRA,1660348800,Challenger 350,Bombardier,Challenger 350
104,4d20e8,LIML,LIRZ,1642809600,Challenger 350,Bombardier,Challenger 350
105,4d20e8,LIML,LIRZ,1647648000,Challenger 350,Bombardier,Challenger 350
106,4d20e8,LIML,LIRZ,1647388800,Challenger 350,Bombardier,Challenger 350
107,4d20e8,LIRA,LIMF,1642723200,Challenger 350,Bombardier,Challenger 350
108,4d20e8,LIRA,LIRZ,1665532800,Challenger 350,Bombardier,Challenger 350
109,4d20e8,LIME,LIPO,1652659200,Challenger 350,Bombardier,Challenger 350
110,4d20e8,LIPE,LIBP,1660608000,Challenger 350,Bombardier,Challenger 350
111,4d20e8,LIRP,LIML,1659916800,Challenger 350,Bombardier,Challenger 350
112,4d20e8,LIMF,LIML,1642809600,Challenger 350,Bombardier,Challenger 350
113,4d20e8,LIMF,LIBD,1653004800,Challenger 350,Bombardier,Challenger 350
114,4d20e8,LIMJ,LIML,1654819200,Challenger 350,Bombardier,Challenger 350
115,4d20e8,LIBP,LIME,1652659200,Challenger 350,Bombardier,Challenger 350
116,4d20e8,LIRZ,LIML,1642809600,Challenger 350,Bombardier,Challenger 350
117,4d20e8,LIRZ,LIMJ,1658448000,Challenger 350,Bombardier,Challenger 350
118,4d20d1,LIPZ,LIMC,1650326400,Challenger 350,Bombardier,Challenger 350
119,4d20d1,LIPZ,LIME,1650240000,Challenger 350,Bombardier,Challenger 350
120,4d20d1,LIMF,LIBR,1648771200,Challenger 350,Bombardier,Challenger 350
121,4d20d1,LIBR,LIML,1658534400,Challenger 350,Bombardier,Challenger 350
122,4d20d1,LIRZ,LIML,1645142400,Challenger 350,Bombardier,Challenger 350
123,4d20d9,LIPZ,LIML,1647561600,Challenger 350,Bombardier,Challenger 350
124,4d20d9,LIPZ,LIML,1647475200,Challenger 350,Bombardier,Challenger 350
125,4d20d9,LIML,LIPZ,1647475200,Challenger 350,Bombardier,Challenger 350
126,4d20d9,LIML,LIRA,1662940800,Challenger 350,Bombardier,Challenger 350
127,4d20d9,LIML,LIRZ,1644883200,Challenger 350,Bombardier,Challenger 350
128,4d20d9,LIRA,LIMF,1671062400,Challenger 350,Bombardier,Challenger 350
129,4d20d9,LIRA,LIAT,1662768000,Challenger 350,Bombardier,Challenger 350
130,4d20d9,LIME,LIML,1643068800,Challenger 350,Bombardier,Challenger 350
131,4d20d9,LIPE,LIRA,1650585600,Challenger 350,Bombardier,Challenger 350
132,4d20d9,LIRQ,LIML,1662854400,Challenger 350,Bombardier,Challenger 350
133,4d20d9,LICJ,LIML,1658534400,Challenger 350,Bombardier,Challenger 350
134,4d20d9,LIPQ,LIML,1658448000,Challenger 350,Bombardier,Challenger 350
135,4d20e7,LIPZ,LIML,1666396800,Challenger 350,Bombardier,Challenger 350
136,4d20e7,LIPZ,LIMF,1669075200,Challenger 350,Bombardier,Challenger 350
137,4d20e7,LIML,LIPZ,1666396800,Challenger 350,Bombardier,Challenger 350
138,4d20e7,LIML,LIRA,1667347200,Challenger 350,Bombardier,Challenger 350
139,4d20e7,LIML,LIRQ,1664064000,Challenger 350,Bombardier,Challenger 350
140,4d20e7,LIPE,LIMF,1648080000,Challenger 350,Bombardier,Challenger 350
141,4d20e7,LIRP,LIRQ,1661644800,Challenger 350,Bombardier,Challenger 350
142,4d20e7,LIRQ,LIML,1664064000,Challenger 350,Bombardier,Challenger 350
143,4d20e7,LIBD,LIMF,1653264000,Challenger 350,Bombardier,Challenger 350
144,4d20e7,LIMP,LIML,1663977600,Challenger 350,Bombardier,Challenger 350
145,4d20e7,LIPO,LIPZ,1652572800,Challenger 350,Bombardier,Challenger 350
146,4d20e7,LICB,LIPO,1652572800,Challenger 350,Bombardier,Challenger 350
147,4d20e9,LIPZ,LIRA,1668556800,Challenger 350,Bombardier,Challenger 350
148,4d20e9,LIML,LIRF,1655337600,Challenger 350,Bombardier,Challenger 350
149,4d20e9,LIML,LIPE,1669420800,Challenger 350,Bombardier,Challenger 350
150,4d20e9,LIML,LIMJ,1649548800,Challenger 350,Bombardier,Challenger 350
151,4d20e9,LIRA,LIPZ,1662422400,Challenger 350,Bombardier,Challenger 350
152,4d20e9,LIRA,LIRQ,1664582400,Challenger 350,Bombardier,Challenger 350
153,4d20e9,LIRA,LIMF,1667779200,Challenger 350,Bombardier,Challenger 350
154,4d20e9,LIPE,LIRA,1655856000,Challenger 350,Bombardier,Challenger 350
155,4d20e9,LIRP,LIMP,1656201600,Challenger 350,Bombardier,Challenger 350
156,4d20e9,LIRQ,LIRA,1652400000,Challenger 350,Bombardier,Challenger 350
157,4d20e9,LIRQ,LIMF,1667692800,Challenger 350,Bombardier,Challenger 350
158,4d20e9,LIMF,LIRA,1667779200,Challenger 350,Bombardier,Challenger 350
159,4d20e9,LIPX,LIML,1649376000,Challenger 350,Bombardier,Challenger 350
160,4d20e9,LIBD,LIMA,1656374400,Challenger 350,Bombardier,Challenger 350
161,4d20e9,LIPQ,LIML,1656547200,Challenger 350,Bombardier,Challenger 350
162,490d03,LIPZ,LIRA,1651536000,Challenger 350,Bombardier,Challenger 350
163,490d03,LIML,LIRA,1644192000,Challenger 350,Bombardier,Challenger 350
164,490d03,LIML,LIRA,1664236800,Challenger 350,Bombardier,Challenger 350
165,490d03,LIRA,LIMC,1644192000,Challenger 350,Bombardier,Challenger 350
166,490d03,LIRA,LIPX,1667433600,Challenger 350,Bombardier,Challenger 350
167,490d03,LIRA,LIPR,1652572800,Challenger 350,Bombardier,Challenger 350
168,490d03,LIRA,LIMP,1662595200,Challenger 350,Bombardier,Challenger 350
169,490d03,LIPX,LIRA,1667433600,Challenger 350,Bombardier,Challenger 350
170,490d03,LIPR,LIRA,1652572800,Challenger 350,Bombardier,Challenger 350
171,490d03,LIPB,LIPX,1665014400,Challenger 350,Bombardier,Challenger 350
172,490d06,LIPZ,LIMJ,1644019200,Challenger 350,Bombardier,Challenger 350
173,490d06,LIRA,LIML,1649203200,Challenger 350,Bombardier,Challenger 350
174,490d06,LIMF,LIML,1645315200,Challenger 350,Bombardier,Challenger 350
175,490d06,LICJ,LIML,1661212800,Challenger 350,Bombardier,Challenger 350
176,4d20cf,LIML,LIPZ,1641772800,Challenger 350,Bombardier,Challenger 350
177,4d20cf,LIML,LIPE,1644710400,Challenger 350,Bombardier,Challenger 350
178,4d20cf,LIML,LIQL,1656288000,Challenger 350,Bombardier,Challenger 350
179,4d20cf,LIRA,LIPZ,1654905600,Challenger 350,Bombardier,Challenger 350
180,4d20cf,LIME,LIRA,1644969600,Challenger 350,Bombardier,Challenger 350
181,4d2133,LIML,LIRA,1646784000,Challenger 350,Bombardier,Challenger 350
182,4d2133,LIML,LIMF,1650067200,Challenger 350,Bombardier,Challenger 350
183,4d2133,LIML,LIPQ,1650931200,Challenger 350,Bombardier,Challenger 350
184,4d2133,LIML,LIRZ,1646179200,Challenger 350,Bombardier,Challenger 350
185,4d2133,LIML,LIQL,1649548800,Challenger 350,Bombardier,Challenger 350
186,4d2133,LIRA,LIPZ,1650585600,Challenger 350,Bombardier,Challenger 350
187,4d2133,LIRA,LIML,1659052800,Challenger 350,Bombardier,Challenger 350
188,4d2133,LIRA,LIML,1646784000,Challenger 350,Bombardier,Challenger 350
189,4d2133,LIRA,LIME,1655337600,Challenger 350,Bombardier,Challenger 350
190,4d2133,LIME,LIML,1645920000,Challenger 350,Bombardier,Challenger 350
191,4d2133,LIME,LIRA,1655337600,Challenger 350,Bombardier,Challenger 350
192,4d2133,LIME,LIPR,1649808000,Challenger 350,Bombardier,Challenger 350
193,4d2133,LIRQ,LICJ,1663372800,Challenger 350,Bombardier,Challenger 350
194,4d2133,LIRQ,LIPY,1663027200,Challenger 350,Bombardier,Challenger 350
195,4d2133,LIPQ,LIML,1663977600,Challenger 350,Bombardier,Challenger 350
196,4d2133,LIRZ,LIRA,1670630400,Challenger 350,Bombardier,Challenger 350
197,43ea72,LIML,LIMF,1655856000,Challenger 350,Bombardier,Challenger 350
198,4d2134,LIML,LIRZ,1649808000,Challenger 350,Bombardier,Challenger 350
199,4d2134,LIML,LIRZ,1655424000,Challenger 350,Bombardier,Challenger 350
200,4d2134,LIPQ,LIML,1669939200,Challenger 350,Bombardier,Challenger 350
201,4d2134,LIPO,LIML,1649894400,Challenger 350,Bombardier,Challenger 350
202,4d2134,LIRZ,LIML,1652486400,Challenger 350,Bombardier,Challenger 350
203,4d2127,LIRA,LIML,1661731200,Challenger 350,Bombardier,Challenger 350
204,4d2127,LIRA,LIBD,1656028800,Challenger 350,Bombardier,Challenger 350
205,4d2127,LIPE,LIPZ,1665273600,Challenger 350,Bombardier,Challenger 350
206,4d2127,LIPE,LIML,1668470400,Challenger 350,Bombardier,Challenger 350
207,4d2127,LIPE,LIRQ,1663891200,Challenger 350,Bombardier,Challenger 350
208,4d2127,LIPE,LIRQ,1663891200,Challenger 350,Bombardier,Challenger 350
209,4d2127,LICC,LIBP,1655942400,Challenger 350,Bombardier,Challenger 350
210,4d2127,LIRQ,LIML,1643932800,Challenger 350,Bombardier,Challenger 350
211,4d2127,LIMF,LIPE,1668297600,Challenger 350,Bombardier,Challenger 350
212,4d2127,LIBD,LIMC,1656201600,Challenger 350,Bombardier,Challenger 350
213,4d2127,LIBD,LIRA,1656028800,Challenger 350,Bombardier,Challenger 350
214,4d2127,LIBP,LIRA,1656028800,Challenger 350,Bombardier,Challenger 350
215,490d05,LIRA,LIML,1664236800,Challenger 350,Bombardier,Challenger 350
216,490d05,LIRA,LIPX,1643155200,Challenger 350,Bombardier,Challenger 350
217,490d05,LIRQ,LIML,1665014400,Challenger 350,Bombardier,Challenger 350
218,490d05,LIPX,LIRA,1643155200,Challenger 350,Bombardier,Challenger 350
219,490d05,LIBD,LIML,1664496000,Challenger 350,Bombardier,Challenger 350
220,490d05,LIPB,LIRZ,1651536000,Challenger 350,Bombardier,Challenger 350
221,490d0a,LIRF,LIML,1667952000,Challenger 300,Bombardier,Challenger 300
222,490d0a,LIPZ,LIMC,1668384000,Challenger 300,Bombardier,Challenger 300
223,490d0a,LIPZ,LIMC,1650844800,Challenger 300,Bombardier,Challenger 300
224,490d0a,LIRP,LIPZ,1650758400,Challenger 300,Bombardier,Challenger 300
225,490d0a,LIBD,LIMC,1652486400,Challenger 300,Bombardier,Challenger 300
226,490d0a,LIMJ,LIPZ,1648252800,Challenger 300,Bombardier,Challenger 300
227,4bce0c,LIMC,LIML,1649894400,Challenger 300,Bombardier,Challenger 300
228,4405aa,LIPZ,LIMP,1649289600,Challenger 300,Bombardier,Challenger 300
229,4405aa,LIML,LIRZ,1652400000,Challenger 300,Bombardier,Challenger 300
230,4405aa,LIRA,LIML,1664755200,Challenger 300,Bombardier,Challenger 300
231,4405aa,LIRQ,LIML,1661990400,Challenger 300,Bombardier,Challenger 300
232,4405aa,LIRZ,LIML,1652400000,Challenger 300,Bombardier,Challenger 300
233,0d071c,LIML,LIRZ,1663200000,Challenger 300,Bombardier,Challenger 300
234,48d635,LIML,LIQL,1653523200,Challenger 300,Bombardier,Challenger 300
235,3c942d,LIRA,LIRQ,1662163200,Challenger 300,Bombardier,Challenger 300
236,3c942d,LIRQ,LIRA,1662163200,Challenger 300,Bombardier,Challenger 300
237,4ac9a3,LIRA,LIBD,1656806400,Challenger 300,Bombardier,Challenger 300
238,4405b2,LIPE,LIRP,1648598400,Challenger 300,Bombardier,Challenger 300
239,4405b2,LIRP,LIMJ,1652313600,Challenger 300,Bombardier,Challenger 300
240,4405b2,LIRP,LIMJ,1660953600,Challenger 300,Bombardier,Challenger 300
241,4405b2,LIRQ,LIMJ,1663200000,Challenger 300,Bombardier,Challenger 300
242,4405b2,LIMJ,LIRP,1661385600,Challenger 300,Bombardier,Challenger 300
243,4405b2,LIMJ,LIRP,1652486400,Challenger 300,Bombardier,Challenger 300
244,43e8b3,LIMF,LIML,1647648000,Challenger 300,Bombardier,Challenger 300
245,3c85ce,LIMF,LIML,1655164800,Challenger 300,Bombardier,Challenger 300
246,3c2d57,LIMJ,LIRA,1653868800,Challenger 300,Bombardier,Challenger 300
247,4a5243,LIPO,LIML,1649635200,Challenger 300,Bombardier,Challenger 300
248,3c5aae,LIRF,LIML,1656028800,Legacy 650,Embraer,Legacy 650
249,3c5aae,LIRF,LIML,1656028800,Legacy 650,Embraer,Legacy 650
250,3c5aae,LIML,LIRF,1656028800,Legacy 650,Embraer,Legacy 650
251,3c5aae,LIML,LIRF,1656028800,Legacy 650,Embraer,Legacy 650
252,3c5aae,LIRA,LIPZ,1650067200,Legacy 650,Embraer,Legacy 650
253,3c5aae,LIRA,LIPZ,1650067200,Legacy 650,Embraer,Legacy 650
254,3c5aae,LIRA,LIRZ,1654819200,Legacy 650,Embraer,Legacy 650
255,3c5aae,LIRA,LIRZ,1654819200,Legacy 650,Embraer,Legacy 650
256,3c5aae,LIRP,LIPZ,1668902400,Legacy 650,Embraer,Legacy 650
257,3c5aae,LIRP,LIPZ,1668902400,Legacy 650,Embraer,Legacy 650
258,3c5aae,LIMJ,LIMC,1652832000,Legacy 650,Embraer,Legacy 650
259,3c5aae,LIMJ,LIMC,1652832000,Legacy 650,Embraer,Legacy 650
260,3c564f,LIRF,LIML,1654732800,Legacy 650,Embraer,Legacy 650
261,3c564f,LIRF,LIML,1654732800,Legacy 650,Embraer,Legacy 650
262,3c564f,LIPZ,LIRQ,1660953600,Legacy 650,Embraer,Legacy 650
263,3c564f,LIPZ,LIRQ,1660953600,Legacy 650,Embraer,Legacy 650
264,3c564f,LIML,LIRF,1654732800,Legacy 650,Embraer,Legacy 650
265,3c564f,LIML,LIRF,1654732800,Legacy 650,Embraer,Legacy 650
266,3c564f,LIML,LIRA,1654732800,Legacy 650,Embraer,Legacy 650
267,3c564f,LIML,LIRA,1654732800,Legacy 650,Embraer,Legacy 650
268,3c564f,LIML,LIMJ,1655078400,Legacy 650,Embraer,Legacy 650
269,3c564f,LIML,LIMJ,1655078400,Legacy 650,Embraer,Legacy 650
270,3c564f,LIML,LIMA,1662422400,Legacy 650,Embraer,Legacy 650
271,3c564f,LIML,LIMA,1662422400,Legacy 650,Embraer,Legacy 650
272,3c564f,LIRA,LIML,1654819200,Legacy 650,Embraer,Legacy 650
273,3c564f,LIRA,LIML,1654819200,Legacy 650,Embraer,Legacy 650
274,3c564f,LIRQ,LIML,1667433600,Legacy 650,Embraer,Legacy 650
275,3c564f,LIRQ,LIML,1667433600,Legacy 650,Embraer,Legacy 650
276,3c564f,LIMJ,LIPZ,1655078400,Legacy 650,Embraer,Legacy 650
277,3c564f,LIMJ,LIPZ,1655078400,Legacy 650,Embraer,Legacy 650
278,3c1c82,LIMC,LIRF,1657411200,Legacy 650,Embraer,Legacy 650
279,3c1c82,LIMC,LIRF,1657411200,Legacy 650,Embraer,Legacy 650
280,3c1c82,LIPE,LIRZ,1652313600,Legacy 650,Embraer,Legacy 650
281,3c1c82,LIPE,LIRZ,1652313600,Legacy 650,Embraer,Legacy 650
282,3c1c82,LIEO,LIML,1658275200,Legacy 650,Embraer,Legacy 650
283,3c1c82,LIEO,LIML,1658275200,Legacy 650,Embraer,Legacy 650
284,3c1c82,LIPQ,LIMC,1657324800,Legacy 650,Embraer,Legacy 650
285,3c1c82,LIPQ,LIMC,1657324800,Legacy 650,Embraer,Legacy 650
286,3c1c82,LIPO,LIML,1658448000,Legacy 650,Embraer,Legacy 650
287,3c1c82,LIPO,LIML,1658448000,Legacy 650,Embraer,Legacy 650
288,3c61e9,LIMC,LIML,1660089600,Legacy 650,Embraer,Legacy 650
289,3c61e9,LIMC,LIML,1660089600,Legacy 650,Embraer,Legacy 650
290,3c61e9,LIMC,LIMF,1667606400,Legacy 650,Embraer,Legacy 650
291,3c61e9,LIMC,LIMF,1667606400,Legacy 650,Embraer,Legacy 650
292,3c61e9,LIPZ,LIBD,1656201600,Legacy 650,Embraer,Legacy 650
293,3c61e9,LIPZ,LIBD,1656201600,Legacy 650,Embraer,Legacy 650
294,3c61e9,LIML,LIPZ,1654041600,Legacy 650,Embraer,Legacy 650
295,3c61e9,LIML,LIPZ,1654041600,Legacy 650,Embraer,Legacy 650
296,3c61e9,LIRA,LIPX,1665705600,Legacy 650,Embraer,Legacy 650
297,3c61e9,LIRA,LIPX,1665705600,Legacy 650,Embraer,Legacy 650
298,3c61e9,LIPH,LIRQ,1666396800,Legacy 650,Embraer,Legacy 650
299,3c61e9,LIPH,LIRQ,1666396800,Legacy 650,Embraer,Legacy 650
300,3c07fc,LIMC,LIPE,1656892800,Legacy 650,Embraer,Legacy 650
301,3c07fc,LIMC,LIPE,1656892800,Legacy 650,Embraer,Legacy 650
302,3c07fc,LIML,LIRA,1664928000,Legacy 650,Embraer,Legacy 650
303,3c07fc,LIML,LIRA,1664928000,Legacy 650,Embraer,Legacy 650
304,3c07fc,LIML,LIRQ,1662854400,Legacy 650,Embraer,Legacy 650
305,3c07fc,LIML,LIRQ,1662854400,Legacy 650,Embraer,Legacy 650
306,3c07fc,LIRA,LIMC,1669334400,Legacy 650,Embraer,Legacy 650
307,3c07fc,LIRA,LIMC,1669334400,Legacy 650,Embraer,Legacy 650
308,3c07fc,LIRP,LIRA,1645574400,Legacy 650,Embraer,Legacy 650
309,3c07fc,LIRP,LIRA,1645574400,Legacy 650,Embraer,Legacy 650
310,3c07fc,LICJ,LIRA,1657670400,Legacy 650,Embraer,Legacy 650
311,3c07fc,LICJ,LIRA,1657670400,Legacy 650,Embraer,Legacy 650
312,3c07fc,LIMJ,LIMF,1649462400,Legacy 650,Embraer,Legacy 650
313,3c07fc,LIMJ,LIMF,1649462400,Legacy 650,Embraer,Legacy 650
314,3c68b4,LIMC,LIRP,1656633600,Legacy 650,Embraer,Legacy 650
315,3c68b4,LIMC,LIRP,1656633600,Legacy 650,Embraer,Legacy 650
316,3c68b4,LIPZ,LIRQ,1658016000,Legacy 650,Embraer,Legacy 650
317,3c68b4,LIPZ,LIRQ,1658016000,Legacy 650,Embraer,Legacy 650
318,3c68b4,LIPZ,LIAF,1664409600,Legacy 650,Embraer,Legacy 650
319,3c68b4,LIPZ,LIAF,1664409600,Legacy 650,Embraer,Legacy 650
320,3c68b4,LIML,LIRF,1657152000,Legacy 650,Embraer,Legacy 650
321,3c68b4,LIML,LIRF,1657152000,Legacy 650,Embraer,Legacy 650
322,3c68b4,LIML,LIPQ,1655510400,Legacy 650,Embraer,Legacy 650
323,3c68b4,LIML,LIPQ,1655510400,Legacy 650,Embraer,Legacy 650
324,3c68b4,LIML,LIBR,1657497600,Legacy 650,Embraer,Legacy 650
325,3c68b4,LIML,LIBR,1657497600,Legacy 650,Embraer,Legacy 650
326,3c68b4,LIRA,LIPZ,1667088000,Legacy 650,Embraer,Legacy 650
327,3c68b4,LIRA,LIPZ,1667088000,Legacy 650,Embraer,Legacy 650
328,3c68b4,LIRA,LIML,1670198400,Legacy 650,Embraer,Legacy 650
329,3c68b4,LIRA,LIML,1670198400,Legacy 650,Embraer,Legacy 650
330,3c68b4,LIRA,LIPE,1661904000,Legacy 650,Embraer,Legacy 650
331,3c68b4,LIRA,LIPE,1661904000,Legacy 650,Embraer,Legacy 650
332,3c68b4,LIME,LIPE,1661817600,Legacy 650,Embraer,Legacy 650
333,3c68b4,LIME,LIPE,1661817600,Legacy 650,Embraer,Legacy 650
334,3c68b4,LIRQ,LIPZ,1658016000,Legacy 650,Embraer,Legacy 650
335,3c68b4,LIRQ,LIPZ,1658016000,Legacy 650,Embraer,Legacy 650
336,3c68b4,LIPQ,LIML,1655596800,Legacy 650,Embraer,Legacy 650
337,3c68b4,LIPQ,LIML,1655596800,Legacy 650,Embraer,Legacy 650
338,3c68b4,LIRZ,LIRA,1652400000,Legacy 650,Embraer,Legacy 650
339,3c68b4,LIRZ,LIRA,1652400000,Legacy 650,Embraer,Legacy 650
340,e4875e,LIPZ,LIML,1654300800,Legacy 650,Embraer,Legacy 650
341,e4875e,LIPZ,LIML,1654300800,Legacy 650,Embraer,Legacy 650
342,3c61f8,LIML,LIPZ,1654473600,Legacy 650,Embraer,Legacy 650
343,3c61f8,LIML,LIPZ,1654473600,Legacy 650,Embraer,Legacy 650
344,3c61f8,LIML,LIAT,1655942400,Legacy 650,Embraer,Legacy 650
345,3c61f8,LIML,LIAT,1655942400,Legacy 650,Embraer,Legacy 650
346,3c61f8,LIRQ,LIRF,1658275200,Legacy 650,Embraer,Legacy 650
347,3c61f8,LIRQ,LIRF,1658275200,Legacy 650,Embraer,Legacy 650
348,3c61f8,LIPQ,LIML,1657065600,Legacy 650,Embraer,Legacy 650
349,3c61f8,LIPQ,LIML,1657065600,Legacy 650,Embraer,Legacy 650
350,3c61f3,LIML,LIPE,1660003200,Legacy 650,Embraer,Legacy 650
351,3c61f3,LIML,LIPE,1660003200,Legacy 650,Embraer,Legacy 650
352,3c61f3,LIRQ,LIPZ,1666569600,Legacy 650,Embraer,Legacy 650
353,3c61f3,LIRQ,LIPZ,1666569600,Legacy 650,Embraer,Legacy 650
354,3c61f3,LIRQ,LIRA,1662940800,Legacy 650,Embraer,Legacy 650
355,3c61f3,LIRQ,LIRA,1662940800,Legacy 650,Embraer,Legacy 650
356,6831d7,LIRQ,LIMJ,1659052800,Legacy 650,Embraer,Legacy 650
357,6831d7,LIRQ,LIMJ,1659052800,Legacy 650,Embraer,Legacy 650
358,6831d7,LIMF,LIML,1664496000,Legacy 650,Embraer,Legacy 650
359,6831d7,LIMF,LIML,1664496000,Legacy 650,Embraer,Legacy 650
360,6831d7,LICJ,LIRQ,1659052800,Legacy 650,Embraer,Legacy 650
361,6831d7,LICJ,LIRQ,1659052800,Legacy 650,Embraer,Legacy 650
362,6831d7,LIMJ,LIRP,1659225600,Legacy 650,Embraer,Legacy 650
363,6831d7,LIMJ,LIRP,1659225600,Legacy 650,Embraer,Legacy 650
364,e48f63,LIMF,LIMJ,1656028800,Legacy 650,Embraer,Legacy 650
365,e48f63,LIMF,LIMJ,1656028800,Legacy 650,Embraer,Legacy 650
366,3001ca,LIRF,LIRA,1662336000,Falcon 2000,Dassault,Falcon 2000
367,3001ca,LIRF,LIRA,1657843200,Falcon 2000,Dassault,Falcon 2000
368,3001ca,LIMC,LIML,1662854400,Falcon 2000,Dassault,Falcon 2000
369,3001ca,LIMC,LIRA,1661731200,Falcon 2000,Dassault,Falcon 2000
370,3001ca,LIPZ,LIRA,1641254400,Falcon 2000,Dassault,Falcon 2000
371,3001ca,LIPZ,LIRA,1668124800,Falcon 2000,Dassault,Falcon 2000
372,3001ca,LIPZ,LIRA,1644710400,Falcon 2000,Dassault,Falcon 2000
373,3001ca,LIPZ,LIRA,1641600000,Falcon 2000,Dassault,Falcon 2000
374,3001ca,LIPZ,LIRA,1643760000,Falcon 2000,Dassault,Falcon 2000
375,3001ca,LIPZ,LIRA,1667174400,Falcon 2000,Dassault,Falcon 2000
376,3001ca,LIPZ,LIRA,1661558400,Falcon 2000,Dassault,Falcon 2000
377,3001ca,LIML,LIRF,1643155200,Falcon 2000,Dassault,Falcon 2000
378,3001ca,LIML,LIPZ,1644710400,Falcon 2000,Dassault,Falcon 2000
379,3001ca,LIML,LIRA,1645747200,Falcon 2000,Dassault,Falcon 2000
380,3001ca,LIML,LIRA,1671494400,Falcon 2000,Dassault,Falcon 2000
381,3001ca,LIML,LIRA,1644278400,Falcon 2000,Dassault,Falcon 2000
382,3001ca,LIML,LIRA,1671667200,Falcon 2000,Dassault,Falcon 2000
383,3001ca,LIML,LIRA,1668816000,Falcon 2000,Dassault,Falcon 2000
384,3001ca,LIML,LIRA,1658966400,Falcon 2000,Dassault,Falcon 2000
385,3001ca,LIML,LIRA,1644105600,Falcon 2000,Dassault,Falcon 2000
386,3001ca,LIML,LIRA,1645488000,Falcon 2000,Dassault,Falcon 2000
387,3001ca,LIML,LIRA,1645142400,Falcon 2000,Dassault,Falcon 2000
388,3001ca,LIML,LIRA,1667088000,Falcon 2000,Dassault,Falcon 2000
389,3001ca,LIML,LIRA,1669593600,Falcon 2000,Dassault,Falcon 2000
390,3001ca,LIML,LIRA,1658188800,Falcon 2000,Dassault,Falcon 2000
391,3001ca,LIML,LIRA,1666915200,Falcon 2000,Dassault,Falcon 2000
392,3001ca,LIML,LIRA,1665100800,Falcon 2000,Dassault,Falcon 2000
393,3001ca,LIML,LIRA,1670716800,Falcon 2000,Dassault,Falcon 2000
394,3001ca,LIML,LIRA,1643846400,Falcon 2000,Dassault,Falcon 2000
395,3001ca,LIML,LIRA,1643500800,Falcon 2000,Dassault,Falcon 2000
396,3001ca,LIML,LIRA,1658361600,Falcon 2000,Dassault,Falcon 2000
397,3001ca,LIML,LIRA,1662854400,Falcon 2000,Dassault,Falcon 2000
398,3001ca,LIML,LIRA,1666828800,Falcon 2000,Dassault,Falcon 2000
399,3001ca,LIML,LIRA,1643587200,Falcon 2000,Dassault,Falcon 2000
400,3001ca,LIML,LIRA,1644796800,Falcon 2000,Dassault,Falcon 2000
401,3001ca,LIML,LIRA,1642723200,Falcon 2000,Dassault,Falcon 2000
402,3001ca,LIML,LIRA,1643932800,Falcon 2000,Dassault,Falcon 2000
403,3001ca,LIML,LIRP,1658880000,Falcon 2000,Dassault,Falcon 2000
404,3001ca,LIRA,LIPZ,1668124800,Falcon 2000,Dassault,Falcon 2000
405,3001ca,LIRA,LIPZ,1661558400,Falcon 2000,Dassault,Falcon 2000
406,3001ca,LIRA,LIPZ,1641600000,Falcon 2000,Dassault,Falcon 2000
407,3001ca,LIRA,LIML,1645747200,Falcon 2000,Dassault,Falcon 2000
408,3001ca,LIRA,LIML,1668297600,Falcon 2000,Dassault,Falcon 2000
409,3001ca,LIRA,LIML,1671580800,Falcon 2000,Dassault,Falcon 2000
410,3001ca,LIRA,LIML,1663718400,Falcon 2000,Dassault,Falcon 2000
411,3001ca,LIRA,LIML,1671494400,Falcon 2000,Dassault,Falcon 2000
412,3001ca,LIRA,LIML,1643846400,Falcon 2000,Dassault,Falcon 2000
413,3001ca,LIRA,LIML,1669507200,Falcon 2000,Dassault,Falcon 2000
414,3001ca,LIRA,LIML,1644710400,Falcon 2000,Dassault,Falcon 2000
415,3001ca,LIRA,LIML,1658966400,Falcon 2000,Dassault,Falcon 2000
416,3001ca,LIRA,LIML,1644278400,Falcon 2000,Dassault,Falcon 2000
417,3001ca,LIRA,LIML,1658707200,Falcon 2000,Dassault,Falcon 2000
418,3001ca,LIRA,LIML,1670716800,Falcon 2000,Dassault,Falcon 2000
419,3001ca,LIRA,LIML,1642723200,Falcon 2000,Dassault,Falcon 2000
420,3001ca,LIRA,LIML,1667088000,Falcon 2000,Dassault,Falcon 2000
421,3001ca,LIRA,LIML,1645488000,Falcon 2000,Dassault,Falcon 2000
422,3001ca,LIRA,LIML,1670976000,Falcon 2000,Dassault,Falcon 2000
423,3001ca,LIRA,LIML,1643155200,Falcon 2000,Dassault,Falcon 2000
424,3001ca,LIRA,LIML,1666742400,Falcon 2000,Dassault,Falcon 2000
425,3001ca,LIRA,LIML,1644796800,Falcon 2000,Dassault,Falcon 2000
426,3001ca,LIRA,LIML,1644105600,Falcon 2000,Dassault,Falcon 2000
427,3001ca,LIRA,LIML,1666828800,Falcon 2000,Dassault,Falcon 2000
428,3001ca,LIRA,LIML,1643932800,Falcon 2000,Dassault,Falcon 2000
429,3001ca,LIRA,LIML,1658361600,Falcon 2000,Dassault,Falcon 2000
430,3001ca,LIRA,LIPE,1660089600,Falcon 2000,Dassault,Falcon 2000
431,3001ca,LIRA,LIPE,1661472000,Falcon 2000,Dassault,Falcon 2000
432,3001ca,LIRA,LIRQ,1668988800,Falcon 2000,Dassault,Falcon 2000
433,3001ca,LIRA,LIPH,1641513600,Falcon 2000,Dassault,Falcon 2000
434,3001ca,LIRA,LIPX,1659830400,Falcon 2000,Dassault,Falcon 2000
435,3001ca,LIRA,LIPX,1662681600,Falcon 2000,Dassault,Falcon 2000
436,3001ca,LIRA,LIPX,1663200000,Falcon 2000,Dassault,Falcon 2000
437,3001ca,LIRA,LIPX,1643587200,Falcon 2000,Dassault,Falcon 2000
438,3001ca,LIRA,LIPX,1643500800,Falcon 2000,Dassault,Falcon 2000
439,3001ca,LIRA,LIBD,1645401600,Falcon 2000,Dassault,Falcon 2000
440,3001ca,LIRA,LIBD,1644883200,Falcon 2000,Dassault,Falcon 2000
441,3001ca,LIRA,LIMJ,1660780800,Falcon 2000,Dassault,Falcon 2000
442,3001ca,LIRA,LIPQ,1643414400,Falcon 2000,Dassault,Falcon 2000
443,3001ca,LIPE,LIRA,1660089600,Falcon 2000,Dassault,Falcon 2000
444,3001ca,LIPE,LIRA,1661472000,Falcon 2000,Dassault,Falcon 2000
445,3001ca,LIPE,LIMF,1660089600,Falcon 2000,Dassault,Falcon 2000
446,3001ca,LIRP,LIRA,1658880000,Falcon 2000,Dassault,Falcon 2000
447,3001ca,LIRQ,LIRF,1668988800,Falcon 2000,Dassault,Falcon 2000
448,3001ca,LIRQ,LIRA,1669161600,Falcon 2000,Dassault,Falcon 2000
449,3001ca,LIMF,LIPE,1660089600,Falcon 2000,Dassault,Falcon 2000
450,3001ca,LIMF,LIRQ,1663200000,Falcon 2000,Dassault,Falcon 2000
451,3001ca,LIPH,LIRA,1641513600,Falcon 2000,Dassault,Falcon 2000
452,3001ca,LIPX,LIML,1662681600,Falcon 2000,Dassault,Falcon 2000
453,3001ca,LIPX,LIML,1643587200,Falcon 2000,Dassault,Falcon 2000
454,3001ca,LIPX,LIML,1643500800,Falcon 2000,Dassault,Falcon 2000
455,3001ca,LIPX,LIRA,1659916800,Falcon 2000,Dassault,Falcon 2000
456,3001ca,LIPX,LIMF,1663200000,Falcon 2000,Dassault,Falcon 2000
457,3001ca,LIBD,LIRA,1644883200,Falcon 2000,Dassault,Falcon 2000
458,3001ca,LIBD,LIRA,1645401600,Falcon 2000,Dassault,Falcon 2000
459,3001ca,LIMJ,LIRA,1660780800,Falcon 2000,Dassault,Falcon 2000
460,3001ca,LIPQ,LIRA,1643414400,Falcon 2000,Dassault,Falcon 2000
461,3001ca,LIPY,LIRA,1659571200,Falcon 2000,Dassault,Falcon 2000
462,300490,LIRF,LIRA,1655337600,Falcon 2000,Dassault,Falcon 2000
463,300490,LIRF,LIRA,1666137600,Falcon 2000,Dassault,Falcon 2000
464,300490,LIML,LIRF,1666051200,Falcon 2000,Dassault,Falcon 2000
465,300490,LIML,LIRF,1655251200,Falcon 2000,Dassault,Falcon 2000
466,300490,LIML,LIRA,1644364800,Falcon 2000,Dassault,Falcon 2000
467,300490,LIML,LIRA,1669248000,Falcon 2000,Dassault,Falcon 2000
468,300490,LIML,LIRA,1660867200,Falcon 2000,Dassault,Falcon 2000
469,300490,LIML,LIRA,1652313600,Falcon 2000,Dassault,Falcon 2000
470,300490,LIML,LIRA,1661990400,Falcon 2000,Dassault,Falcon 2000
471,300490,LIML,LIRA,1658966400,Falcon 2000,Dassault,Falcon 2000
472,300490,LIML,LIRA,1669075200,Falcon 2000,Dassault,Falcon 2000
473,300490,LIML,LIRA,1656979200,Falcon 2000,Dassault,Falcon 2000
474,300490,LIML,LIRA,1668988800,Falcon 2000,Dassault,Falcon 2000
475,300490,LIML,LIRA,1645488000,Falcon 2000,Dassault,Falcon 2000
476,300490,LIML,LIRA,1653523200,Falcon 2000,Dassault,Falcon 2000
477,300490,LIML,LIRA,1642550400,Falcon 2000,Dassault,Falcon 2000
478,300490,LIML,LIRA,1662508800,Falcon 2000,Dassault,Falcon 2000
479,300490,LIML,LIRA,1662768000,Falcon 2000,Dassault,Falcon 2000
480,300490,LIML,LIRA,1671494400,Falcon 2000,Dassault,Falcon 2000
481,300490,LIML,LIRA,1652745600,Falcon 2000,Dassault,Falcon 2000
482,300490,LIML,LIRA,1671580800,Falcon 2000,Dassault,Falcon 2000
483,300490,LIML,LIPR,1667952000,Falcon 2000,Dassault,Falcon 2000
484,300490,LIRA,LIML,1658361600,Falcon 2000,Dassault,Falcon 2000
485,300490,LIRA,LIML,1645660800,Falcon 2000,Dassault,Falcon 2000
486,300490,LIRA,LIML,1655164800,Falcon 2000,Dassault,Falcon 2000
487,300490,LIRA,LIML,1642550400,Falcon 2000,Dassault,Falcon 2000
488,300490,LIRA,LIML,1652140800,Falcon 2000,Dassault,Falcon 2000
489,300490,LIRA,LIML,1653868800,Falcon 2000,Dassault,Falcon 2000
490,300490,LIRA,LIML,1653436800,Falcon 2000,Dassault,Falcon 2000
491,300490,LIRA,LIML,1650412800,Falcon 2000,Dassault,Falcon 2000
492,300490,LIRA,LIML,1669248000,Falcon 2000,Dassault,Falcon 2000
493,300490,LIRA,LIML,1656979200,Falcon 2000,Dassault,Falcon 2000
494,300490,LIRA,LIML,1644278400,Falcon 2000,Dassault,Falcon 2000
495,300490,LIRA,LIML,1670803200,Falcon 2000,Dassault,Falcon 2000
496,300490,LIRA,LIML,1667865600,Falcon 2000,Dassault,Falcon 2000
497,300490,LIRA,LIML,1669766400,Falcon 2000,Dassault,Falcon 2000
498,300490,LIRA,LIML,1658880000,Falcon 2000,Dassault,Falcon 2000
499,300490,LIRA,LIML,1668988800,Falcon 2000,Dassault,Falcon 2000
500,300490,LIRA,LIML,1668556800,Falcon 2000,Dassault,Falcon 2000
501,300490,LIRA,LIML,1645488000,Falcon 2000,Dassault,Falcon 2000
502,300490,LIRA,LIML,1661904000,Falcon 2000,Dassault,Falcon 2000
503,300490,LIRA,LIML,1642636800,Falcon 2000,Dassault,Falcon 2000
504,300490,LIRA,LIML,1671408000,Falcon 2000,Dassault,Falcon 2000
505,300490,LIRA,LIML,1666051200,Falcon 2000,Dassault,Falcon 2000
506,300490,LIRA,LIML,1664236800,Falcon 2000,Dassault,Falcon 2000
507,300490,LIRA,LIML,1662768000,Falcon 2000,Dassault,Falcon 2000
508,300490,LIRA,LIML,1662422400,Falcon 2000,Dassault,Falcon 2000
509,300490,LIRA,LIML,1663200000,Falcon 2000,Dassault,Falcon 2000
510,300490,LIRA,LIML,1647388800,Falcon 2000,Dassault,Falcon 2000
511,300490,LIRA,LIML,1651104000,Falcon 2000,Dassault,Falcon 2000
512,300490,LIRA,LIML,1671580800,Falcon 2000,Dassault,Falcon 2000
513,300490,LIRA,LIPK,1651536000,Falcon 2000,Dassault,Falcon 2000
514,300490,LIRA,LIPO,1669161600,Falcon 2000,Dassault,Falcon 2000
515,300490,LIRA,LIPO,1653091200,Falcon 2000,Dassault,Falcon 2000
516,300490,LIRA,LIRZ,1667433600,Falcon 2000,Dassault,Falcon 2000
517,300490,LIRA,LIRZ,1650931200,Falcon 2000,Dassault,Falcon 2000
518,300490,LIRQ,LIRA,1660953600,Falcon 2000,Dassault,Falcon 2000
519,300490,LIPK,LIRA,1651536000,Falcon 2000,Dassault,Falcon 2000
520,300490,LIPO,LIRA,1669161600,Falcon 2000,Dassault,Falcon 2000
521,300490,LIPO,LIRA,1652572800,Falcon 2000,Dassault,Falcon 2000
522,300490,LIRZ,LIRA,1651017600,Falcon 2000,Dassault,Falcon 2000
523,300371,LIRF,LIRA,1655251200,Falcon 2000,Dassault,Falcon 2000
524,300371,LIRF,LIME,1656374400,Falcon 2000,Dassault,Falcon 2000
525,300371,LIRF,LIMF,1657670400,Falcon 2000,Dassault,Falcon 2000
526,300371,LIRF,LIBR,1653523200,Falcon 2000,Dassault,Falcon 2000
527,300371,LIMC,LIRA,1665014400,Falcon 2000,Dassault,Falcon 2000
528,300371,LIPZ,LIML,1663718400,Falcon 2000,Dassault,Falcon 2000
529,300371,LIPZ,LIRA,1662595200,Falcon 2000,Dassault,Falcon 2000
530,300371,LIPZ,LIRA,1645833600,Falcon 2000,Dassault,Falcon 2000
531,300371,LIPZ,LIRA,1641081600,Falcon 2000,Dassault,Falcon 2000
532,300371,LIPZ,LIRA,1649721600,Falcon 2000,Dassault,Falcon 2000
533,300371,LIPZ,LIRA,1662681600,Falcon 2000,Dassault,Falcon 2000
534,300371,LIPZ,LIRA,1645228800,Falcon 2000,Dassault,Falcon 2000
535,300371,LIPZ,LIRA,1670803200,Falcon 2000,Dassault,Falcon 2000
536,300371,LIPZ,LIRA,1647043200,Falcon 2000,Dassault,Falcon 2000
537,300371,LIPZ,LIRA,1645660800,Falcon 2000,Dassault,Falcon 2000
538,300371,LIPZ,LIRA,1657929600,Falcon 2000,Dassault,Falcon 2000
539,300371,LIPZ,LIRA,1665360000,Falcon 2000,Dassault,Falcon 2000
540,300371,LIPZ,LIPX,1672012800,Falcon 2000,Dassault,Falcon 2000
541,300371,LIML,LIMC,1660435200,Falcon 2000,Dassault,Falcon 2000
542,300371,LIML,LIRA,1663718400,Falcon 2000,Dassault,Falcon 2000
543,300371,LIML,LIRA,1666742400,Falcon 2000,Dassault,Falcon 2000
544,300371,LIML,LIRA,1655424000,Falcon 2000,Dassault,Falcon 2000
545,300371,LIML,LIRA,1650240000,Falcon 2000,Dassault,Falcon 2000
546,300371,LIML,LIRA,1669939200,Falcon 2000,Dassault,Falcon 2000
547,300371,LIML,LIRA,1645747200,Falcon 2000,Dassault,Falcon 2000
548,300371,LIML,LIRA,1647907200,Falcon 2000,Dassault,Falcon 2000
549,300371,LIML,LIRA,1650412800,Falcon 2000,Dassault,Falcon 2000
550,300371,LIML,LIRA,1651190400,Falcon 2000,Dassault,Falcon 2000
551,300371,LIML,LIRA,1653955200,Falcon 2000,Dassault,Falcon 2000
552,300371,LIML,LIRA,1647561600,Falcon 2000,Dassault,Falcon 2000
553,300371,LIML,LIRA,1644451200,Falcon 2000,Dassault,Falcon 2000
554,300371,LIML,LIRA,1655596800,Falcon 2000,Dassault,Falcon 2000
555,300371,LIML,LIRA,1661299200,Falcon 2000,Dassault,Falcon 2000
556,300371,LIML,LIRA,1667952000,Falcon 2000,Dassault,Falcon 2000
557,300371,LIML,LIRA,1651795200,Falcon 2000,Dassault,Falcon 2000
558,300371,LIML,LIRA,1657843200,Falcon 2000,Dassault,Falcon 2000
559,300371,LIML,LIRA,1648166400,Falcon 2000,Dassault,Falcon 2000
560,300371,LIML,LIRA,1651017600,Falcon 2000,Dassault,Falcon 2000
561,300371,LIML,LIRA,1665446400,Falcon 2000,Dassault,Falcon 2000
562,300371,LIML,LIRA,1663027200,Falcon 2000,Dassault,Falcon 2000
563,300371,LIML,LIRA,1672444800,Falcon 2000,Dassault,Falcon 2000
564,300371,LIML,LIRA,1658275200,Falcon 2000,Dassault,Falcon 2000
565,300371,LIML,LIRA,1658793600,Falcon 2000,Dassault,Falcon 2000
566,300371,LIML,LIRA,1643587200,Falcon 2000,Dassault,Falcon 2000
567,300371,LIML,LIRA,1647820800,Falcon 2000,Dassault,Falcon 2000
568,300371,LIML,LIRA,1666828800,Falcon 2000,Dassault,Falcon 2000
569,300371,LIML,LIRA,1659916800,Falcon 2000,Dassault,Falcon 2000
570,300371,LIML,LIRA,1662076800,Falcon 2000,Dassault,Falcon 2000
571,300371,LIRA,LIRF,1667001600,Falcon 2000,Dassault,Falcon 2000
572,300371,LIRA,LIRF,1655337600,Falcon 2000,Dassault,Falcon 2000
573,300371,LIRA,LIRF,1666569600,Falcon 2000,Dassault,Falcon 2000
574,300371,LIRA,LIMC,1664928000,Falcon 2000,Dassault,Falcon 2000
575,300371,LIRA,LIPZ,1663718400,Falcon 2000,Dassault,Falcon 2000
576,300371,LIRA,LIPZ,1647043200,Falcon 2000,Dassault,Falcon 2000
577,300371,LIRA,LIPZ,1662595200,Falcon 2000,Dassault,Falcon 2000
578,300371,LIRA,LIPZ,1649721600,Falcon 2000,Dassault,Falcon 2000
579,300371,LIRA,LIPZ,1645833600,Falcon 2000,Dassault,Falcon 2000
580,300371,LIRA,LIPZ,1671926400,Falcon 2000,Dassault,Falcon 2000
581,300371,LIRA,LIPZ,1666224000,Falcon 2000,Dassault,Falcon 2000
582,300371,LIRA,LIPZ,1645228800,Falcon 2000,Dassault,Falcon 2000
583,300371,LIRA,LIPZ,1657929600,Falcon 2000,Dassault,Falcon 2000
584,300371,LIRA,LIPZ,1665360000,Falcon 2000,Dassault,Falcon 2000
585,300371,LIRA,LIPZ,1662681600,Falcon 2000,Dassault,Falcon 2000
586,300371,LIRA,LIML,1647907200,Falcon 2000,Dassault,Falcon 2000
587,300371,LIRA,LIML,1655596800,Falcon 2000,Dassault,Falcon 2000
588,300371,LIRA,LIML,1650240000,Falcon 2000,Dassault,Falcon 2000
589,300371,LIRA,LIML,1651190400,Falcon 2000,Dassault,Falcon 2000
590,300371,LIRA,LIML,1658793600,Falcon 2000,Dassault,Falcon 2000
591,300371,LIRA,LIML,1644451200,Falcon 2000,Dassault,Falcon 2000
592,300371,LIRA,LIML,1655424000,Falcon 2000,Dassault,Falcon 2000
593,300371,LIRA,LIML,1651795200,Falcon 2000,Dassault,Falcon 2000
594,300371,LIRA,LIML,1643587200,Falcon 2000,Dassault,Falcon 2000
595,300371,LIRA,LIML,1666742400,Falcon 2000,Dassault,Falcon 2000
596,300371,LIRA,LIML,1645747200,Falcon 2000,Dassault,Falcon 2000
597,300371,LIRA,LIML,1669766400,Falcon 2000,Dassault,Falcon 2000
598,300371,LIRA,LIML,1661299200,Falcon 2000,Dassault,Falcon 2000
599,300371,LIRA,LIML,1647561600,Falcon 2000,Dassault,Falcon 2000
600,300371,LIRA,LIML,1651017600,Falcon 2000,Dassault,Falcon 2000
601,300371,LIRA,LIML,1658275200,Falcon 2000,Dassault,Falcon 2000
602,300371,LIRA,LIML,1654300800,Falcon 2000,Dassault,Falcon 2000
603,300371,LIRA,LIML,1672444800,Falcon 2000,Dassault,Falcon 2000
604,300371,LIRA,LIML,1662076800,Falcon 2000,Dassault,Falcon 2000
605,300371,LIRA,LIML,1653782400,Falcon 2000,Dassault,Falcon 2000
606,300371,LIRA,LIML,1667952000,Falcon 2000,Dassault,Falcon 2000
607,300371,LIRA,LIML,1665446400,Falcon 2000,Dassault,Falcon 2000
608,300371,LIRA,LIML,1669939200,Falcon 2000,Dassault,Falcon 2000
609,300371,LIRA,LIML,1650326400,Falcon 2000,Dassault,Falcon 2000
610,300371,LIRA,LIML,1648166400,Falcon 2000,Dassault,Falcon 2000
611,300371,LIRA,LIML,1663027200,Falcon 2000,Dassault,Falcon 2000
612,300371,LIRA,LIML,1655683200,Falcon 2000,Dassault,Falcon 2000
613,300371,LIRA,LIML,1667433600,Falcon 2000,Dassault,Falcon 2000
614,300371,LIRA,LIML,1666828800,Falcon 2000,Dassault,Falcon 2000
615,300371,LIRA,LIME,1651708800,Falcon 2000,Dassault,Falcon 2000
616,300371,LIRA,LIME,1671494400,Falcon 2000,Dassault,Falcon 2000
617,300371,LIRA,LIPE,1648771200,Falcon 2000,Dassault,Falcon 2000
618,300371,LIRA,LIPE,1647475200,Falcon 2000,Dassault,Falcon 2000
619,300371,LIRA,LIPE,1654041600,Falcon 2000,Dassault,Falcon 2000
620,300371,LIRA,LIPE,1654128000,Falcon 2000,Dassault,Falcon 2000
621,300371,LIRA,LIRP,1657238400,Falcon 2000,Dassault,Falcon 2000
622,300371,LIRA,LIRP,1642291200,Falcon 2000,Dassault,Falcon 2000
623,300371,LIRA,LIMF,1651276800,Falcon 2000,Dassault,Falcon 2000
624,300371,LIRA,LIMF,1651363200,Falcon 2000,Dassault,Falcon 2000
625,300371,LIRA,LIMF,1660089600,Falcon 2000,Dassault,Falcon 2000
626,300371,LIRA,LIMF,1668384000,Falcon 2000,Dassault,Falcon 2000
627,300371,LIRA,LIPH,1672272000,Falcon 2000,Dassault,Falcon 2000
628,300371,LIRA,LIPH,1662336000,Falcon 2000,Dassault,Falcon 2000
629,300371,LIRA,LIPH,1660608000,Falcon 2000,Dassault,Falcon 2000
630,300371,LIRA,LIPH,1645142400,Falcon 2000,Dassault,Falcon 2000
631,300371,LIRA,LIPH,1656547200,Falcon 2000,Dassault,Falcon 2000
632,300371,LIRA,LIPH,1647734400,Falcon 2000,Dassault,Falcon 2000
633,300371,LIRA,LIPX,1649116800,Falcon 2000,Dassault,Falcon 2000
634,300371,LIRA,LIEO,1653004800,Falcon 2000,Dassault,Falcon 2000
635,300371,LIRA,LIBD,1669852800,Falcon 2000,Dassault,Falcon 2000
636,300371,LIRA,LIPQ,1665100800,Falcon 2000,Dassault,Falcon 2000
637,300371,LIRA,LIMZ,1655942400,Falcon 2000,Dassault,Falcon 2000
638,300371,LIRA,LIPO,1656028800,Falcon 2000,Dassault,Falcon 2000
639,300371,LIRA,LICR,1651795200,Falcon 2000,Dassault,Falcon 2000
640,300371,LIRA,LIAT,1662768000,Falcon 2000,Dassault,Falcon 2000
641,300371,LIRA,LIAT,1664496000,Falcon 2000,Dassault,Falcon 2000
642,300371,LIRA,LICL,1650585600,Falcon 2000,Dassault,Falcon 2000
643,300371,LIME,LIRA,1645056000,Falcon 2000,Dassault,Falcon 2000
644,300371,LIME,LIRA,1651708800,Falcon 2000,Dassault,Falcon 2000
645,300371,LIME,LIRA,1656374400,Falcon 2000,Dassault,Falcon 2000
646,300371,LIME,LIPY,1671494400,Falcon 2000,Dassault,Falcon 2000
647,300371,LIPE,LIRA,1647475200,Falcon 2000,Dassault,Falcon 2000
648,300371,LIPE,LIRA,1648771200,Falcon 2000,Dassault,Falcon 2000
649,300371,LIPE,LIRA,1654128000,Falcon 2000,Dassault,Falcon 2000
650,300371,LIPE,LIRA,1654128000,Falcon 2000,Dassault,Falcon 2000
651,300371,LIRP,LIRA,1664668800,Falcon 2000,Dassault,Falcon 2000
652,300371,LIRP,LIRA,1657238400,Falcon 2000,Dassault,Falcon 2000
653,300371,LIRP,LIRA,1642291200,Falcon 2000,Dassault,Falcon 2000
654,300371,LIRP,LIMF,1651449600,Falcon 2000,Dassault,Falcon 2000
655,300371,LIRQ,LIRA,1663545600,Falcon 2000,Dassault,Falcon 2000
656,300371,LIMF,LIML,1657843200,Falcon 2000,Dassault,Falcon 2000
657,300371,LIMF,LIRA,1671580800,Falcon 2000,Dassault,Falcon 2000
658,300371,LIMF,LIRA,1655942400,Falcon 2000,Dassault,Falcon 2000
659,300371,LIMF,LIRA,1651363200,Falcon 2000,Dassault,Falcon 2000
660,300371,LIMF,LIRA,1660089600,Falcon 2000,Dassault,Falcon 2000
661,300371,LIMF,LIRA,1659657600,Falcon 2000,Dassault,Falcon 2000
662,300371,LIMF,LIRP,1651449600,Falcon 2000,Dassault,Falcon 2000
663,300371,LIMF,LIBD,1652572800,Falcon 2000,Dassault,Falcon 2000
664,300371,LIMF,LIPQ,1643673600,Falcon 2000,Dassault,Falcon 2000
665,300371,LIMF,LIQL,1651276800,Falcon 2000,Dassault,Falcon 2000
666,300371,LIPH,LIRA,1662336000,Falcon 2000,Dassault,Falcon 2000
667,300371,LIPH,LIRA,1672272000,Falcon 2000,Dassault,Falcon 2000
668,300371,LIPH,LIRA,1660608000,Falcon 2000,Dassault,Falcon 2000
669,300371,LIPH,LIRA,1656547200,Falcon 2000,Dassault,Falcon 2000
670,300371,LIPH,LIRA,1645142400,Falcon 2000,Dassault,Falcon 2000
671,300371,LIPH,LIRA,1647734400,Falcon 2000,Dassault,Falcon 2000
672,300371,LICJ,LIRA,1661731200,Falcon 2000,Dassault,Falcon 2000
673,300371,LICJ,LIRA,1660176000,Falcon 2000,Dassault,Falcon 2000
674,300371,LICJ,LIRQ,1663459200,Falcon 2000,Dassault,Falcon 2000
675,300371,LICJ,LIMF,1659225600,Falcon 2000,Dassault,Falcon 2000
676,300371,LIPX,LIRA,1672012800,Falcon 2000,Dassault,Falcon 2000
677,300371,LIPX,LIRA,1649116800,Falcon 2000,Dassault,Falcon 2000
678,300371,LIBD,LIRA,1656028800,Falcon 2000,Dassault,Falcon 2000
679,300371,LIBD,LIRA,1669852800,Falcon 2000,Dassault,Falcon 2000
680,300371,LIMJ,LIMA,1655942400,Falcon 2000,Dassault,Falcon 2000
681,300371,LIPQ,LIRA,1643673600,Falcon 2000,Dassault,Falcon 2000
682,300371,LIPQ,LIRA,1665273600,Falcon 2000,Dassault,Falcon 2000
683,300371,LIPQ,LIDF,1643760000,Falcon 2000,Dassault,Falcon 2000
684,300371,LIPY,LIPQ,1643760000,Falcon 2000,Dassault,Falcon 2000
685,300371,LIMZ,LIMJ,1655942400,Falcon 2000,Dassault,Falcon 2000
686,300371,LIPO,LIBD,1656028800,Falcon 2000,Dassault,Falcon 2000
687,300371,LICB,LIRA,1650844800,Falcon 2000,Dassault,Falcon 2000
688,341545,LIRP,LIPY,1653004800,Falcon 2000,Dassault,Falcon 2000
689,8003a8,LIPR,LIRQ,1654905600,Falcon 2000,Dassault,Falcon 2000
1095,493281,LIRF,LIPE,1653523200,Citation Latitude,Textron Aviation,Citation Latitude
1096,493281,LIML,LIRA,1644451200,Citation Latitude,Textron Aviation,Citation Latitude
1097,493281,LIML,LIRZ,1666396800,Citation Latitude,Textron Aviation,Citation Latitude
1098,493281,LIRA,LIPZ,1651017600,Citation Latitude,Textron Aviation,Citation Latitude
1099,493281,LIRQ,LIML,1666310400,Citation Latitude,Textron Aviation,Citation Latitude
1100,493281,LIPH,LIMJ,1664928000,Citation Latitude,Textron Aviation,Citation Latitude
1101,493035,LIMC,LICJ,1662163200,Citation Latitude,Textron Aviation,Citation Latitude
1102,493035,LIPZ,LIMC,1662076800,Citation Latitude,Textron Aviation,Citation Latitude
1103,493035,LIPZ,LIRA,1668038400,Citation Latitude,Textron Aviation,Citation Latitude
1104,493035,LIPZ,LIRZ,1651190400,Citation Latitude,Textron Aviation,Citation Latitude
1105,493035,LIML,LIRA,1651017600,Citation Latitude,Textron Aviation,Citation Latitude
1106,493035,LIML,LIMF,1646870400,Citation Latitude,Textron Aviation,Citation Latitude
1107,493035,LIRA,LIPZ,1668038400,Citation Latitude,Textron Aviation,Citation Latitude
1108,493035,LIRA,LIML,1646956800,Citation Latitude,Textron Aviation,Citation Latitude
1109,493035,LIRA,LIML,1651104000,Citation Latitude,Textron Aviation,Citation Latitude
1110,493035,LIRA,LICJ,1657065600,Citation Latitude,Textron Aviation,Citation Latitude
1111,493035,LIRA,LIPX,1668038400,Citation Latitude,Textron Aviation,Citation Latitude
1112,493035,LIRA,LIQS,1669939200,Citation Latitude,Textron Aviation,Citation Latitude
1113,493035,LIMF,LIRA,1646870400,Citation Latitude,Textron Aviation,Citation Latitude
1114,493035,LICJ,LIRA,1650844800,Citation Latitude,Textron Aviation,Citation Latitude
1115,493035,LIPO,LIPZ,1658102400,Citation Latitude,Textron Aviation,Citation Latitude
1116,493035,LIPO,LIPZ,1645228800,Citation Latitude,Textron Aviation,Citation Latitude
1117,493035,LIRZ,LICJ,1650844800,Citation Latitude,Textron Aviation,Citation Latitude
1118,493033,LIPZ,LIML,1662422400,Citation Latitude,Textron Aviation,Citation Latitude
1119,493033,LIML,LIMC,1656720000,Citation Latitude,Textron Aviation,Citation Latitude
1120,493033,LIMJ,LIMC,1656201600,Citation Latitude,Textron Aviation,Citation Latitude
1121,493283,LIPZ,LIML,1657670400,Citation Latitude,Textron Aviation,Citation Latitude
1122,493283,LIML,LIPE,1664496000,Citation Latitude,Textron Aviation,Citation Latitude
1123,493283,LIRA,LIPZ,1645488000,Citation Latitude,Textron Aviation,Citation Latitude
1124,493283,LIRA,LIPX,1661644800,Citation Latitude,Textron Aviation,Citation Latitude
1125,493283,LIPE,LIRA,1658793600,Citation Latitude,Textron Aviation,Citation Latitude
1126,493283,LIPQ,LIRA,1651795200,Citation Latitude,Textron Aviation,Citation Latitude
1127,493283,LIRZ,LICP,1667520000,Citation Latitude,Textron Aviation,Citation Latitude
1128,493285,LIML,LIRA,1651104000,Citation Latitude,Textron Aviation,Citation Latitude
1129,493285,LIML,LIRA,1653091200,Citation Latitude,Textron Aviation,Citation Latitude
1130,493285,LIML,LIRA,1649289600,Citation Latitude,Textron Aviation,Citation Latitude
1131,493285,LIRA,LIPZ,1664668800,Citation Latitude,Textron Aviation,Citation Latitude
1132,493285,LIRA,LIML,1651104000,Citation Latitude,Textron Aviation,Citation Latitude
1133,493285,LIRA,LIML,1667347200,Citation Latitude,Textron Aviation,Citation Latitude
1134,493285,LIRA,LIML,1649289600,Citation Latitude,Textron Aviation,Citation Latitude
1135,493285,LIRA,LICA,1660435200,Citation Latitude,Textron Aviation,Citation Latitude
1136,493285,LIRP,LIRA,1663545600,Citation Latitude,Textron Aviation,Citation Latitude
1137,493285,LIRZ,LIPZ,1666051200,Citation Latitude,Textron Aviation,Citation Latitude
1138,493282,LIML,LIRA,1653350400,Citation Latitude,Textron Aviation,Citation Latitude
1139,493282,LIRA,LIMP,1657065600,Citation Latitude,Textron Aviation,Citation Latitude
1140,493282,LIRA,LIMP,1651536000,Citation Latitude,Textron Aviation,Citation Latitude
1141,493282,LIPE,LIML,1652313600,Citation Latitude,Textron Aviation,Citation Latitude
1142,493282,LIRQ,LIRA,1663804800,Citation Latitude,Textron Aviation,Citation Latitude
1143,493282,LIRQ,LIRA,1664755200,Citation Latitude,Textron Aviation,Citation Latitude
1144,493282,LIMF,LIRA,1664409600,Citation Latitude,Textron Aviation,Citation Latitude
1145,493282,LIMJ,LIMC,1649462400,Citation Latitude,Textron Aviation,Citation Latitude
1146,493282,LIRZ,LIML,1667433600,Citation Latitude,Textron Aviation,Citation Latitude
1353,49131a,LIRF,LIBD,1658016000,Citation XLS,Cessna,Citation XLS
1354,49131a,LIMC,LIPE,1654560000,Citation XLS,Cessna,Citation XLS
1355,49131a,LIPZ,LIML,1657843200,Citation XLS,Cessna,Citation XLS
1356,49131a,LIML,LIPZ,1650672000,Citation XLS,Cessna,Citation XLS
1357,49131a,LIML,LIBD,1652745600,Citation XLS,Cessna,Citation XLS
1358,49131a,LIBD,LIML,1658016000,Citation XLS,Cessna,Citation XLS
1359,49131a,LIPQ,LIML,1650672000,Citation XLS,Cessna,Citation XLS
1360,49131a,LICA,LIRF,1656547200,Citation XLS,Cessna,Citation XLS
1361,49131a,LIPO,LIQL,1656547200,Citation XLS,Cessna,Citation XLS
1362,491310,LIMC,LIRF,1657324800,Citation XLS,Cessna,Citation XLS
1363,491310,LIML,LIPZ,1651968000,Citation XLS,Cessna,Citation XLS
1364,491310,LIML,LIRA,1655164800,Citation XLS,Cessna,Citation XLS
1365,491310,LIML,LIPE,1663632000,Citation XLS,Cessna,Citation XLS
1366,491310,LIML,LIMJ,1651622400,Citation XLS,Cessna,Citation XLS
1367,491310,LIML,LIQS,1652486400,Citation XLS,Cessna,Citation XLS
1368,491310,LIRA,LIML,1651968000,Citation XLS,Cessna,Citation XLS
1369,491310,LIRA,LIMJ,1651708800,Citation XLS,Cessna,Citation XLS
1370,491310,LICC,LICJ,1663545600,Citation XLS,Cessna,Citation XLS
1371,491310,LICJ,LIML,1663545600,Citation XLS,Cessna,Citation XLS
1372,491310,LIPX,LIMC,1657238400,Citation XLS,Cessna,Citation XLS
1373,491310,LIMJ,LIRA,1651708800,Citation XLS,Cessna,Citation XLS
1374,49130e,LIMC,LIPZ,1644019200,Citation XLS,Cessna,Citation XLS
1375,49130e,LIPZ,LIRQ,1666915200,Citation XLS,Cessna,Citation XLS
1376,49130e,LIPZ,LIMF,1663891200,Citation XLS,Cessna,Citation XLS
1377,49130e,LIPZ,LIMF,1663891200,Citation XLS,Cessna,Citation XLS
1378,49130e,LIML,LIRZ,1665619200,Citation XLS,Cessna,Citation XLS
1379,49130e,LIRA,LIML,1655164800,Citation XLS,Cessna,Citation XLS
1380,49130e,LIPE,LIMF,1670976000,Citation XLS,Cessna,Citation XLS
1381,491307,LIMC,LIPZ,1655510400,Citation XLS,Cessna,Citation XLS
1382,491307,LIPZ,LIML,1665446400,Citation XLS,Cessna,Citation XLS
1383,3cf42d,LIMC,LIML,1655164800,Citation XLS,Cessna,Citation XLS
1384,3cf42d,LIRA,LIML,1663200000,Citation XLS,Cessna,Citation XLS
1385,491313,LIMC,LIRP,1655856000,Citation XLS,Cessna,Citation XLS
1386,491313,LIPZ,LIRA,1655510400,Citation XLS,Cessna,Citation XLS
1387,491313,LIPZ,LIRA,1662508800,Citation XLS,Cessna,Citation XLS
1388,491313,LIPZ,LIMJ,1656720000,Citation XLS,Cessna,Citation XLS
1389,491313,LIML,LIRP,1666569600,Citation XLS,Cessna,Citation XLS
1390,491313,LIRA,LIRP,1647129600,Citation XLS,Cessna,Citation XLS
1391,491313,LIRA,LIPO,1655510400,Citation XLS,Cessna,Citation XLS
1392,491313,LIPE,LIML,1654560000,Citation XLS,Cessna,Citation XLS
1393,491313,LIBD,LIMC,1656633600,Citation XLS,Cessna,Citation XLS
1394,491312,LIMC,LIPH,1656892800,Citation XLS,Cessna,Citation XLS
1395,491312,LIMC,LIMA,1641686400,Citation XLS,Cessna,Citation XLS
1396,491312,LIML,LIPZ,1647388800,Citation XLS,Cessna,Citation XLS
1397,491312,LIML,LIRA,1658102400,Citation XLS,Cessna,Citation XLS
1398,491312,LICC,LICJ,1657152000,Citation XLS,Cessna,Citation XLS
1399,491312,LIRQ,LIRA,1663200000,Citation XLS,Cessna,Citation XLS
1400,491312,LIPH,LIMC,1642464000,Citation XLS,Cessna,Citation XLS
1401,491312,LIPH,LIPZ,1658620800,Citation XLS,Cessna,Citation XLS
1402,491312,LIPB,LIRA,1668384000,Citation XLS,Cessna,Citation XLS
1403,491315,LIPZ,LIML,1662422400,Citation XLS,Cessna,Citation XLS
1404,491315,LIML,LIRP,1662422400,Citation XLS,Cessna,Citation XLS
1405,491315,LIRA,LIPQ,1648080000,Citation XLS,Cessna,Citation XLS
1406,491315,LIPH,LIML,1646611200,Citation XLS,Cessna,Citation XLS
1407,491315,LIPQ,LIRQ,1648080000,Citation XLS,Cessna,Citation XLS
1408,491315,LIPR,LIRA,1648080000,Citation XLS,Cessna,Citation XLS
1409,491315,LIRZ,LIRA,1660780800,Citation XLS,Cessna,Citation XLS
1410,491316,LIPZ,LIRA,1660694400,Citation XLS,Cessna,Citation XLS
1411,491316,LIPZ,LIPY,1669075200,Citation XLS,Cessna,Citation XLS
1412,491316,LIML,LIPZ,1669075200,Citation XLS,Cessna,Citation XLS
1413,491316,LIML,LIQL,1646870400,Citation XLS,Cessna,Citation XLS
1414,491316,LIRA,LIML,1669075200,Citation XLS,Cessna,Citation XLS
1415,491316,LIRQ,LIML,1666051200,Citation XLS,Cessna,Citation XLS
1416,491316,LIRQ,LIPX,1664323200,Citation XLS,Cessna,Citation XLS
1417,491316,LIPB,LIPZ,1652572800,Citation XLS,Cessna,Citation XLS
1418,49130d,LIPZ,LIRA,1642896000,Citation XLS,Cessna,Citation XLS
1419,49130d,LIML,LIMZ,1666915200,Citation XLS,Cessna,Citation XLS
1420,49130d,LIML,LICP,1654473600,Citation XLS,Cessna,Citation XLS
1421,49130d,LIML,LIAT,1648425600,Citation XLS,Cessna,Citation XLS
1422,49130d,LIRP,LIML,1658188800,Citation XLS,Cessna,Citation XLS
1423,491221,LIPZ,LIPE,1664496000,Citation XLS,Cessna,Citation XLS
1424,491221,LIML,LIPZ,1666742400,Citation XLS,Cessna,Citation XLS
1425,491221,LIML,LIRA,1654560000,Citation XLS,Cessna,Citation XLS
1426,491221,LIML,LIBD,1662336000,Citation XLS,Cessna,Citation XLS
1427,491221,LIRA,LIMJ,1665100800,Citation XLS,Cessna,Citation XLS
1428,491221,LIRA,LIPQ,1643328000,Citation XLS,Cessna,Citation XLS
1429,491221,LIPH,LIML,1654473600,Citation XLS,Cessna,Citation XLS
1430,491221,LICJ,LIRA,1672099200,Citation XLS,Cessna,Citation XLS
1431,491221,LICJ,LIRA,1657065600,Citation XLS,Cessna,Citation XLS
1432,491221,LIPX,LIML,1667865600,Citation XLS,Cessna,Citation XLS
1433,491221,LIMJ,LIRA,1643155200,Citation XLS,Cessna,Citation XLS
1434,491221,LIPO,LIML,1642550400,Citation XLS,Cessna,Citation XLS
1435,491314,LIPZ,LIRQ,1652486400,Citation XLS,Cessna,Citation XLS
1436,491314,LIML,LIRZ,1665014400,Citation XLS,Cessna,Citation XLS
1437,491314,LIRA,LIMP,1664496000,Citation XLS,Cessna,Citation XLS
1438,3cc76d,LIML,LIRA,1662768000,Citation XLS,Cessna,Citation XLS
1439,3cc76d,LIRA,LIBD,1652486400,Citation XLS,Cessna,Citation XLS
1440,3cc76d,LIRZ,LIML,1663027200,Citation XLS,Cessna,Citation XLS
1441,491311,LIML,LIRA,1654300800,Citation XLS,Cessna,Citation XLS
1442,491311,LIRA,LIPY,1654300800,Citation XLS,Cessna,Citation XLS
1443,491311,LIRQ,LICJ,1665100800,Citation XLS,Cessna,Citation XLS
1444,491311,LIRQ,LIPB,1665187200,Citation XLS,Cessna,Citation XLS
1445,491311,LICJ,LIAT,1665100800,Citation XLS,Cessna,Citation XLS
1446,491311,LIPO,LIMC,1655683200,Citation XLS,Cessna,Citation XLS
1447,491311,LIRZ,LIML,1658361600,Citation XLS,Cessna,Citation XLS
1448,49130b,LIML,LICJ,1663459200,Citation XLS,Cessna,Citation XLS
1449,49130b,LIMJ,LIML,1663891200,Citation XLS,Cessna,Citation XLS
1450,49130b,LIMJ,LIML,1663891200,Citation XLS,Cessna,Citation XLS
1451,440325,LIML,LIPB,1656892800,Citation XLS,Cessna,Citation XLS
1452,4c4aab,LIML,LIBP,1643932800,Citation XLS,Cessna,Citation XLS
1453,4c4aab,LIML,LIPO,1659398400,Citation XLS,Cessna,Citation XLS
1454,491222,LIRA,LIPZ,1643500800,Citation XLS,Cessna,Citation XLS
1455,491222,LIBR,LIML,1644969600,Citation XLS,Cessna,Citation XLS
1456,49130f,LIRA,LIPZ,1642118400,Citation XLS,Cessna,Citation XLS
1457,49130f,LICJ,LIML,1663891200,Citation XLS,Cessna,Citation XLS
1458,49130f,LICJ,LIML,1663891200,Citation XLS,Cessna,Citation XLS
1459,49130f,LIPQ,LIRZ,1641772800,Citation XLS,Cessna,Citation XLS
1460,4c49e1,LIRA,LIPO,1661817600,Citation XLS,Cessna,Citation XLS
1461,4c49e1,LIRP,LIPY,1649894400,Citation XLS,Cessna,Citation XLS
1462,484615,LIPE,LIRA,1669680000,Citation XLS,Cessna,Citation XLS
1463,44cd8d,LIPH,LIPQ,1653523200,Citation XLS,Cessna,Citation XLS
1464,3cc250,LIPX,LIPR,1651881600,Citation XLS,Cessna,Citation XLS
1465,3cc250,LIPR,LIPX,1651795200,Citation XLS,Cessna,Citation XLS
1466,3cc250,LIPB,LIPH,1656460800,Citation XLS,Cessna,Citation XLS
1467,3cd2d3,LIPO,LIRP,1657584000,Citation XLS,Cessna,Citation XLS
1468,45d93a,LIMC,LIRF,1654819200,Global 5000,Bombardier,Global 5000
1469,45d93a,LIPE,LIPR,1659139200,Global 5000,Bombardier,Global 5000
1470,45d93a,LIPR,LIRQ,1659312000,Global 5000,Bombardier,Global 5000
1471,491d99,LIMC,LIRP,1650758400,Global 5000,Bombardier Aerospace,Global 5000
1472,491d99,LIPZ,LIRQ,1667088000,Global 5000,Bombardier Aerospace,Global 5000
1473,491d99,LIML,LIPZ,1663286400,Global 5000,Bombardier Aerospace,Global 5000
1474,43e9d0,LIPZ,LIME,1666224000,Global 5000,Bombardier,Global 5000
1475,43e9d0,LIME,LIPZ,1666396800,Global 5000,Bombardier,Global 5000
1476,494108,LIMC,LIPZ,1641254400,Phenom 300,Embraer,Phenom 300
1477,494108,LIPZ,LIRA,1651363200,Phenom 300,Embraer,Phenom 300
1478,494108,LIPZ,LIRQ,1666310400,Phenom 300,Embraer,Phenom 300
1479,494108,LIML,LIMJ,1648166400,Phenom 300,Embraer,Phenom 300
1480,494108,LIRA,LIML,1646352000,Phenom 300,Embraer,Phenom 300
1481,494104,LIMC,LIPZ,1664928000,Phenom 300,Embraer,Phenom 300
1482,494104,LIMC,LIML,1644192000,Phenom 300,Embraer,Phenom 300
1483,494104,LIPZ,LIMC,1644192000,Phenom 300,Embraer,Phenom 300
1484,494104,LIPE,LIPH,1663804800,Phenom 300,Embraer,Phenom 300
1485,494104,LIRP,LIML,1659225600,Phenom 300,Embraer,Phenom 300
1486,494104,LIPO,LIML,1660694400,Phenom 300,Embraer,Phenom 300
1487,494106,LIMC,LIML,1670284800,Phenom 300,Embraer,Phenom 300
1488,494106,LIPZ,LIPO,1662163200,Phenom 300,Embraer,Phenom 300
1489,494106,LIPX,LIRP,1654560000,Phenom 300,Embraer,Phenom 300
1490,494106,LIPQ,LIMC,1672012800,Phenom 300,Embraer,Phenom 300
1491,494106,LIRZ,LIML,1654646400,Phenom 300,Embraer,Phenom 300
1492,494102,LIMC,LIMF,1660348800,Phenom 300,Embraer,Phenom 300
1493,494102,LIML,LIRA,1655078400,Phenom 300,Embraer,Phenom 300
1494,494102,LIRA,LIMC,1668038400,Phenom 300,Embraer,Phenom 300
1495,494102,LIRA,LIML,1644796800,Phenom 300,Embraer,Phenom 300
1496,494102,LIRA,LIRP,1653696000,Phenom 300,Embraer,Phenom 300
1497,494102,LIPE,LIRZ,1661472000,Phenom 300,Embraer,Phenom 300
1498,494102,LIRQ,LIML,1664668800,Phenom 300,Embraer,Phenom 300
1499,494102,LIRQ,LIDT,1656633600,Phenom 300,Embraer,Phenom 300
1500,494102,LIPH,LIMF,1669852800,Phenom 300,Embraer,Phenom 300
1501,494102,LIPX,LIPE,1661385600,Phenom 300,Embraer,Phenom 300
1502,494102,LIPO,LIML,1662940800,Phenom 300,Embraer,Phenom 300
1503,494102,LIRZ,LIRA,1670803200,Phenom 300,Embraer,Phenom 300
1504,494102,LIRZ,LIRA,1653609600,Phenom 300,Embraer,Phenom 300
1505,39a431,LIMC,LIPX,1664409600,Phenom 300,Embraer,Phenom 300
1506,39a431,LIPX,LIMC,1663891200,Phenom 300,Embraer,Phenom 300
1507,39a431,LIPX,LIMC,1663891200,Phenom 300,Embraer,Phenom 300
1508,3cc2d0,LIMC,LIPX,1658534400,Phenom 300,Embraer,Phenom 300
1509,3cc2d0,LIPZ,LIRQ,1658361600,Phenom 300,Embraer,Phenom 300
1510,3cc2d0,LIPO,LIRA,1653609600,Phenom 300,Embraer,Phenom 300
1511,440841,LIMC,LIBD,1664496000,Phenom 300,Embraer,Phenom 300
1512,440841,LIME,LIPZ,1643328000,Phenom 300,Embraer,Phenom 300
1513,440841,LIRP,LICA,1659139200,Phenom 300,Embraer,Phenom 300
1514,49410a,LIMC,LIPB,1668384000,Phenom 300,Embraer,Phenom 300
1515,49410a,LIPZ,LIRA,1641945600,Phenom 300,Embraer,Phenom 300
1516,49410a,LIPZ,LIRP,1667692800,Phenom 300,Embraer,Phenom 300
1517,49410a,LIPZ,LIQL,1666396800,Phenom 300,Embraer,Phenom 300
1518,49410a,LIRA,LIPZ,1646870400,Phenom 300,Embraer,Phenom 300
1519,49410a,LIRA,LIMJ,1643155200,Phenom 300,Embraer,Phenom 300
1520,49410a,LIPB,LIPX,1647734400,Phenom 300,Embraer,Phenom 300
1521,49410a,LIPO,LIQL,1654300800,Phenom 300,Embraer,Phenom 300
1522,3ce0f7,LIPZ,LIML,1653091200,Phenom 300,Embraer,Phenom 300
1523,3ce0f7,LIML,LIPZ,1663977600,Phenom 300,Embraer,Phenom 300
1524,3ce0f7,LIML,LIBD,1664064000,Phenom 300,Embraer,Phenom 300
1525,3ce0f7,LIBD,LIML,1664150400,Phenom 300,Embraer,Phenom 300
1526,3ce0f7,LIBD,LIML,1664150400,Phenom 300,Embraer,Phenom 300
1527,3ce0f7,LIPO,LIPZ,1659830400,Phenom 300,Embraer,Phenom 300
1528,494105,LIPZ,LIRA,1656892800,Phenom 300,Embraer,Phenom 300
1529,494105,LIPZ,LIPH,1662076800,Phenom 300,Embraer,Phenom 300
1530,494105,LIML,LIRA,1666396800,Phenom 300,Embraer,Phenom 300
1531,494105,LIRZ,LIRA,1665446400,Phenom 300,Embraer,Phenom 300
1532,494107,LIPZ,LIRQ,1667001600,Phenom 300,Embraer,Phenom 300
1533,494107,LIPZ,LIMJ,1668470400,Phenom 300,Embraer,Phenom 300
1534,494107,LIML,LIRA,1663459200,Phenom 300,Embraer,Phenom 300
1535,494107,LIRA,LIMF,1643068800,Phenom 300,Embraer,Phenom 300
1536,494107,LIEO,LIRQ,1663113600,Phenom 300,Embraer,Phenom 300
1537,494107,LIPQ,LIMJ,1655769600,Phenom 300,Embraer,Phenom 300
1538,3cc7fe,LIPZ,LIPY,1652918400,Phenom 300,Embraer,Phenom 300
1539,3cc7fe,LICC,LIRQ,1648339200,Phenom 300,Embraer,Phenom 300
1540,3cd34e,LIPZ,LIMG,1652745600,Phenom 300,Embraer,Phenom 300
1541,3cd34e,LIML,LIMP,1647475200,Phenom 300,Embraer,Phenom 300
1542,3cd34e,LIRA,LIPZ,1658361600,Phenom 300,Embraer,Phenom 300
1543,3cd34e,LIRA,LIML,1647475200,Phenom 300,Embraer,Phenom 300
1544,3cd34e,LIPK,LIBD,1655337600,Phenom 300,Embraer,Phenom 300
1545,494103,LIML,LIRF,1657497600,Phenom 300,Embraer,Phenom 300
1546,494103,LIML,LIPZ,1664064000,Phenom 300,Embraer,Phenom 300
1547,494103,LIRQ,LIML,1663977600,Phenom 300,Embraer,Phenom 300
1548,494103,LIMJ,LIPZ,1668211200,Phenom 300,Embraer,Phenom 300
1549,494103,LIPO,LIRQ,1665792000,Phenom 300,Embraer,Phenom 300
1550,494103,LIPO,LIAT,1652832000,Phenom 300,Embraer,Phenom 300
1551,493201,LIML,LIRA,1656115200,Phenom 300,Embraer,Phenom 300
1552,3cc1db,LIML,LIRA,1660780800,Phenom 300,Embraer,Phenom 300
1553,3cc1db,LIML,LIMP,1670284800,Phenom 300,Embraer,Phenom 300
1554,3cc1db,LIRQ,LICJ,1665619200,Phenom 300,Embraer,Phenom 300
1555,3cc1db,LIBD,LIPB,1665705600,Phenom 300,Embraer,Phenom 300
1556,494101,LIML,LIRP,1659916800,Phenom 300,Embraer,Phenom 300
1557,494101,LIML,LIPX,1663372800,Phenom 300,Embraer,Phenom 300
1558,494101,LIRA,LIMJ,1652832000,Phenom 300,Embraer,Phenom 300
1559,494101,LIPE,LIDF,1647475200,Phenom 300,Embraer,Phenom 300
1560,494101,LIPB,LIML,1663286400,Phenom 300,Embraer,Phenom 300
1561,39a1e4,LIRA,LIBP,1648252800,Phenom 300,Embraer,Phenom 300
1562,39a1e4,LIRQ,LIPH,1663804800,Phenom 300,Embraer,Phenom 300
1563,39a1e4,LIPH,LIPZ,1662076800,Phenom 300,Embraer,Phenom 300
1564,398477,LIPE,LIMP,1645056000,Phenom 300,Embraer,Phenom 300
1565,3cc09c,LIRQ,LIPY,1659052800,Phenom 300,Embraer,Phenom 300
1566,3992ab,LIMF,LIPZ,1653609600,Phenom 300,Embraer,Phenom 300
1567,3990c0,LIBR,LIQS,1654300800,Phenom 300,Embraer,Phenom 300
1568,3cce03,LIPR,LIMJ,1656633600,Phenom 300,Embraer,Phenom 300
1569,3cce03,LIPR,LIMA,1656806400,Phenom 300,Embraer,Phenom 300
1570,48b226,LIPB,LIRA,1672012800,Phenom 300,Embraer,Phenom 300
1571,4d02c7,LIMC,LIML,1662249600,PC-24,Pilatus,PC-24
1572,4d02c7,LIMC,LIRA,1655164800,PC-24,Pilatus,PC-24
1573,4d02c7,LIPZ,LIPE,1666396800,PC-24,Pilatus,PC-24
1574,4d02c7,LIPZ,LIMF,1666396800,PC-24,Pilatus,PC-24
1575,4d02c7,LIML,LIRA,1641859200,PC-24,Pilatus,PC-24
1576,4d02c7,LIPE,LIPZ,1666396800,PC-24,Pilatus,PC-24
1577,4d02c7,LIPX,LIME,1663891200,PC-24,Pilatus,PC-24
1578,4d02c7,LIPX,LIME,1663891200,PC-24,Pilatus,PC-24
1579,4d02c7,LIPR,LIAF,1668297600,PC-24,Pilatus,PC-24
1580,4d02c7,LIRZ,LIPR,1668124800,PC-24,Pilatus,PC-24
1581,4d02c2,LIMC,LIRA,1645056000,PC-24,Pilatus,PC-24
1582,4d02c2,LIRA,LIMC,1645142400,PC-24,Pilatus,PC-24
1583,4d02c2,LIPH,LIRA,1671062400,PC-24,Pilatus,PC-24
1584,ac3c49,LIMC,LIPR,1662249600,PC-24,Pilatus Aircraft Ltd,PC-24
1585,ac3c49,LIPR,LIMC,1662249600,PC-24,Pilatus Aircraft Ltd,PC-24
1586,4d02c6,LIPZ,LIML,1655683200,PC-24,,PC-24
1587,4d02c6,LIML,LIRP,1659225600,PC-24,,PC-24
1588,4d02c6,LIRP,LIML,1659139200,PC-24,,PC-24
1589,4b3911,LIPZ,LIME,1650499200,PC-24,,PC-24
1590,4b3911,LIME,LIPZ,1650585600,PC-24,,PC-24
1591,4d02c4,LIML,LIMC,1647302400,PC-24,Pilatus,PC-24
1592,4d02c4,LIML,LIRA,1647216000,PC-24,Pilatus,PC-24
1593,4d02c4,LIML,LIRZ,1645574400,PC-24,Pilatus,PC-24
1594,4d02c4,LIRA,LIML,1647216000,PC-24,Pilatus,PC-24
1595,4d02c4,LIRA,LIML,1645488000,PC-24,Pilatus,PC-24
1596,4d02c4,LIPR,LIPE,1648425600,PC-24,Pilatus,PC-24
1597,4b3933,LIDF,LIPV,1652400000,PC-24,Pilatus,PC-24
1598,3c135a,LIMC,LIML,1669248000,EMB-135BJ Legacy 650,,EMB-135BJ Legacy 650
1599,3c135a,LIMC,LIML,1669248000,EMB-135BJ Legacy 650,,EMB-135BJ Legacy 650
1600,3c135a,LIMC,LIPE,1654214400,EMB-135BJ Legacy 650,,EMB-135BJ Legacy 650
1601,3c135a,LIMC,LIPE,1654214400,EMB-135BJ Legacy 650,,EMB-135BJ Legacy 650
1602,3c135a,LIRA,LIMC,1669248000,EMB-135BJ Legacy 650,,EMB-135BJ Legacy 650
1603,3c135a,LIRA,LIMC,1669248000,EMB-135BJ Legacy 650,,EMB-135BJ Legacy 650
1604,3c135a,LIMF,LIML,1668124800,EMB-135BJ Legacy 650,,EMB-135BJ Legacy 650
1605,3c135a,LIMF,LIML,1668124800,EMB-135BJ Legacy 650,,EMB-135BJ Legacy 650
1606,3c7b01,LIPZ,LIRP,1657670400,EMB-135BJ Legacy 650,,EMB-135BJ Legacy 650
1607,3c7b01,LIPZ,LIRP,1657670400,EMB-135BJ Legacy 650,,EMB-135BJ Legacy 650
1608,3c7b01,LIPZ,LIRQ,1656028800,EMB-135BJ Legacy 650,,EMB-135BJ Legacy 650
1609,3c7b01,LIPZ,LIRQ,1656028800,EMB-135BJ Legacy 650,,EMB-135BJ Legacy 650
1610,3c7b01,LIML,LIQL,1654473600,EMB-135BJ Legacy 650,,EMB-135BJ Legacy 650
1611,3c7b01,LIML,LIQL,1654473600,EMB-135BJ Legacy 650,,EMB-135BJ Legacy 650
1612,3c7b01,LIML,LIAT,1656288000,EMB-135BJ Legacy 650,,EMB-135BJ Legacy 650
1613,3c7b01,LIML,LIAT,1656288000,EMB-135BJ Legacy 650,,EMB-135BJ Legacy 650
1614,3c7b01,LIML,LIAT,1655424000,EMB-135BJ Legacy 650,,EMB-135BJ Legacy 650
1615,3c7b01,LIML,LIAT,1655424000,EMB-135BJ Legacy 650,,EMB-135BJ Legacy 650
1616,3c7b01,LIRZ,LIML,1656201600,EMB-135BJ Legacy 650,,EMB-135BJ Legacy 650
1617,3c7b01,LIRZ,LIML,1656201600,EMB-135BJ Legacy 650,,EMB-135BJ Legacy 650
1618,3c665a,LIML,LIRA,1666569600,EMB-135BJ Legacy 650,Embraer,EMB-135BJ Legacy 650
1619,3c665a,LIML,LIRA,1666569600,EMB-135BJ Legacy 650,Embraer,EMB-135BJ Legacy 650
1620,3c665a,LIML,LIRZ,1654905600,EMB-135BJ Legacy 650,Embraer,EMB-135BJ Legacy 650
1621,3c665a,LIML,LIRZ,1654905600,EMB-135BJ Legacy 650,Embraer,EMB-135BJ Legacy 650
1622,3c665a,LIRP,LIRF,1654646400,EMB-135BJ Legacy 650,Embraer,EMB-135BJ Legacy 650
1623,3c665a,LIRP,LIRF,1654646400,EMB-135BJ Legacy 650,Embraer,EMB-135BJ Legacy 650
1624,3c665a,LIRP,LIMC,1656288000,EMB-135BJ Legacy 650,Embraer,EMB-135BJ Legacy 650
1625,3c665a,LIRP,LIMC,1656288000,EMB-135BJ Legacy 650,Embraer,EMB-135BJ Legacy 650
1626,3c665a,LIRP,LIBD,1651449600,EMB-135BJ Legacy 650,Embraer,EMB-135BJ Legacy 650
1627,3c665a,LIRP,LIBD,1651449600,EMB-135BJ Legacy 650,Embraer,EMB-135BJ Legacy 650
1628,3c665a,LIBD,LIML,1651449600,EMB-135BJ Legacy 650,Embraer,EMB-135BJ Legacy 650
1629,3c665a,LIBD,LIML,1651449600,EMB-135BJ Legacy 650,Embraer,EMB-135BJ Legacy 650
1630,3c665a,LIRZ,LIRQ,1654992000,EMB-135BJ Legacy 650,Embraer,EMB-135BJ Legacy 650
1631,3c665a,LIRZ,LIRQ,1654992000,EMB-135BJ Legacy 650,Embraer,EMB-135BJ Legacy 650
1632,3cc23d,LIMC,LIRA,1657670400,Citation Sovereign,Cessna,Citation Sovereign
1633,3cc23d,LIPZ,LIRQ,1656460800,Citation Sovereign,Cessna,Citation Sovereign
1634,3cc23d,LIPZ,LIBD,1650758400,Citation Sovereign,Cessna,Citation Sovereign
1635,3cc23d,LIML,LIMC,1657670400,Citation Sovereign,Cessna,Citation Sovereign
1636,3cc23d,LIML,LIPX,1662163200,Citation Sovereign,Cessna,Citation Sovereign
1637,3cc23d,LIML,LIEO,1660262400,Citation Sovereign,Cessna,Citation Sovereign
1638,3cc23d,LIRA,LIPE,1651190400,Citation Sovereign,Cessna,Citation Sovereign
1639,3cc23d,LIRA,LIMG,1657756800,Citation Sovereign,Cessna,Citation Sovereign
1640,3ce005,LIPZ,LIMC,1659312000,Citation Sovereign,Cessna,Citation Sovereign
1641,3ce005,LIPZ,LIRA,1654992000,Citation Sovereign,Cessna,Citation Sovereign
1642,3004b8,LIPZ,LIPH,1651795200,Citation Sovereign,Cessna,Citation Sovereign
1643,3004b8,LIML,LIPH,1668556800,Citation Sovereign,Cessna,Citation Sovereign
1644,3004b8,LIML,LIPH,1641859200,Citation Sovereign,Cessna,Citation Sovereign
1645,3004b8,LIML,LIPH,1669507200,Citation Sovereign,Cessna,Citation Sovereign
1646,3004b8,LIML,LIPH,1670889600,Citation Sovereign,Cessna,Citation Sovereign
1647,3004b8,LIML,LIPO,1659052800,Citation Sovereign,Cessna,Citation Sovereign
1648,3004b8,LIRA,LIPH,1669939200,Citation Sovereign,Cessna,Citation Sovereign
1649,3004b8,LIRA,LIPH,1671321600,Citation Sovereign,Cessna,Citation Sovereign
1650,3004b8,LIRA,LIPH,1646092800,Citation Sovereign,Cessna,Citation Sovereign
1651,3004b8,LIRA,LIPH,1642032000,Citation Sovereign,Cessna,Citation Sovereign
1652,3004b8,LIRA,LIPH,1671753600,Citation Sovereign,Cessna,Citation Sovereign
1653,3004b8,LIRA,LIPH,1665705600,Citation Sovereign,Cessna,Citation Sovereign
1654,3004b8,LIRA,LIPH,1672099200,Citation Sovereign,Cessna,Citation Sovereign
1655,3004b8,LIRA,LIPO,1648080000,Citation Sovereign,Cessna,Citation Sovereign
1656,3004b8,LIRP,LIPH,1661299200,Citation Sovereign,Cessna,Citation Sovereign
1657,3004b8,LIRQ,LIPH,1657670400,Citation Sovereign,Cessna,Citation Sovereign
1658,3004b8,LIRQ,LIPH,1658361600,Citation Sovereign,Cessna,Citation Sovereign
1659,3004b8,LIPH,LIML,1669334400,Citation Sovereign,Cessna,Citation Sovereign
1660,3004b8,LIPH,LIML,1668384000,Citation Sovereign,Cessna,Citation Sovereign
1661,3004b8,LIPH,LIRA,1671667200,Citation Sovereign,Cessna,Citation Sovereign
1662,3004b8,LIPH,LIRA,1642032000,Citation Sovereign,Cessna,Citation Sovereign
1663,3004b8,LIPH,LIRA,1649980800,Citation Sovereign,Cessna,Citation Sovereign
1664,3004b8,LIPH,LIRA,1661212800,Citation Sovereign,Cessna,Citation Sovereign
1665,3004b8,LIPH,LIRP,1661472000,Citation Sovereign,Cessna,Citation Sovereign
1666,3004b8,LIPH,LIRQ,1657584000,Citation Sovereign,Cessna,Citation Sovereign
1667,3004b8,LIPH,LIPX,1651363200,Citation Sovereign,Cessna,Citation Sovereign
1668,3004b8,LIPH,LIPX,1652832000,Citation Sovereign,Cessna,Citation Sovereign
1669,3004b8,LIPH,LIBD,1651276800,Citation Sovereign,Cessna,Citation Sovereign
1670,3004b8,LIPH,LIBD,1666051200,Citation Sovereign,Cessna,Citation Sovereign
1671,3004b8,LIPH,LIBD,1668643200,Citation Sovereign,Cessna,Citation Sovereign
1672,3004b8,LIPH,LIPY,1651708800,Citation Sovereign,Cessna,Citation Sovereign
1673,3004b8,LIPH,LIPO,1648080000,Citation Sovereign,Cessna,Citation Sovereign
1674,3004b8,LIPX,LIPH,1652832000,Citation Sovereign,Cessna,Citation Sovereign
1675,3004b8,LIPX,LIPH,1650326400,Citation Sovereign,Cessna,Citation Sovereign
1676,3004b8,LIBD,LIPH,1666051200,Citation Sovereign,Cessna,Citation Sovereign
1677,3004b8,LIBD,LIPH,1651276800,Citation Sovereign,Cessna,Citation Sovereign
1678,3004b8,LIBD,LIPH,1668643200,Citation Sovereign,Cessna,Citation Sovereign
1679,3004b8,LIPO,LIRA,1648080000,Citation Sovereign,Cessna,Citation Sovereign
1680,3004b8,LIPO,LIPH,1651536000,Citation Sovereign,Cessna,Citation Sovereign
1681,3004b8,LIPO,LIPH,1648080000,Citation Sovereign,Cessna,Citation Sovereign
1682,3ccb72,LIRA,LIPO,1665187200,Citation Sovereign,Cessna,Citation Sovereign
1683,3ccb72,LIRP,LIML,1661126400,Citation Sovereign,Cessna,Citation Sovereign
1684,345242,LIRQ,LIML,1664150400,Citation Sovereign,Cessna,Citation Sovereign
1685,345242,LIRQ,LIML,1664150400,Citation Sovereign,Cessna,Citation Sovereign
1686,49d2aa,LICJ,LICB,1655510400,Citation Sovereign,Cessna,Citation Sovereign
1687,3cc2bc,LICB,LIPK,1650240000,Citation Sovereign,Cessna,Citation Sovereign
1688,4068f0,LIMC,LIPE,1655596800,EMB-505 Phenom 300,Embraer Sa,EMB-505 Phenom 300
1689,4068f0,LIPZ,LIML,1650326400,EMB-505 Phenom 300,Embraer Sa,EMB-505 Phenom 300
1690,4068f0,LIML,LIPZ,1650585600,EMB-505 Phenom 300,Embraer Sa,EMB-505 Phenom 300
1691,4068f0,LIRA,LIML,1665446400,EMB-505 Phenom 300,Embraer Sa,EMB-505 Phenom 300
1692,494110,LIPZ,LIML,1648339200,EMB-505 Phenom 300,Embraer,EMB-505 Phenom 300
1693,494110,LIPZ,LIRA,1655596800,EMB-505 Phenom 300,Embraer,EMB-505 Phenom 300
1694,494110,LIPZ,LIDT,1642118400,EMB-505 Phenom 300,Embraer,EMB-505 Phenom 300
1695,494110,LIML,LIRA,1666656000,EMB-505 Phenom 300,Embraer,EMB-505 Phenom 300
1696,494110,LIRA,LIML,1645920000,EMB-505 Phenom 300,Embraer,EMB-505 Phenom 300
1697,494110,LIPE,LIPZ,1668556800,EMB-505 Phenom 300,Embraer,EMB-505 Phenom 300
1698,494110,LIRQ,LIAF,1666137600,EMB-505 Phenom 300,Embraer,EMB-505 Phenom 300
1699,494110,LIMF,LIPQ,1667347200,EMB-505 Phenom 300,Embraer,EMB-505 Phenom 300
1700,494110,LIMJ,LIRA,1642896000,EMB-505 Phenom 300,Embraer,EMB-505 Phenom 300
1701,494110,LIPQ,LIRP,1667347200,EMB-505 Phenom 300,Embraer,EMB-505 Phenom 300
1702,494110,LIPV,LIML,1663200000,EMB-505 Phenom 300,Embraer,EMB-505 Phenom 300
1703,494110,LIPB,LIPE,1654646400,EMB-505 Phenom 300,Embraer,EMB-505 Phenom 300
1704,494110,LIPO,LIML,1655424000,EMB-505 Phenom 300,Embraer,EMB-505 Phenom 300
1705,494110,LIPO,LIMJ,1664064000,EMB-505 Phenom 300,Embraer,EMB-505 Phenom 300
1706,49410e,LIPZ,LIRA,1661040000,EMB-505 Phenom 300,,EMB-505 Phenom 300
1707,49410e,LIPZ,LIRA,1656892800,EMB-505 Phenom 300,,EMB-505 Phenom 300
1708,49410e,LIRA,LIML,1663113600,EMB-505 Phenom 300,,EMB-505 Phenom 300
1709,49410e,LIRP,LIPZ,1653004800,EMB-505 Phenom 300,,EMB-505 Phenom 300
1710,49410e,LIMF,LIQL,1654041600,EMB-505 Phenom 300,,EMB-505 Phenom 300
1711,49410e,LICJ,LIML,1657152000,EMB-505 Phenom 300,,EMB-505 Phenom 300
1712,49410e,LIPQ,LIRP,1649980800,EMB-505 Phenom 300,,EMB-505 Phenom 300
1713,49410b,LIPZ,LIRP,1659139200,EMB-505 Phenom 300,,EMB-505 Phenom 300
1714,49410b,LIPZ,LIMJ,1653782400,EMB-505 Phenom 300,,EMB-505 Phenom 300
1715,49410b,LIPZ,LIRZ,1642291200,EMB-505 Phenom 300,,EMB-505 Phenom 300
1716,49410b,LIML,LIPO,1666483200,EMB-505 Phenom 300,,EMB-505 Phenom 300
1717,49410b,LIML,LIBF,1647475200,EMB-505 Phenom 300,,EMB-505 Phenom 300
1718,49410b,LIPE,LIML,1647475200,EMB-505 Phenom 300,,EMB-505 Phenom 300
1719,49410b,LIRP,LIRQ,1657843200,EMB-505 Phenom 300,,EMB-505 Phenom 300
1720,49410b,LIRQ,LIBD,1657929600,EMB-505 Phenom 300,,EMB-505 Phenom 300
1721,49410b,LIMJ,LIRA,1652745600,EMB-505 Phenom 300,,EMB-505 Phenom 300
1722,49410b,LIPQ,LIML,1642464000,EMB-505 Phenom 300,,EMB-505 Phenom 300
1723,49410b,LIPB,LIMJ,1652745600,EMB-505 Phenom 300,,EMB-505 Phenom 300
1724,49d4cf,LIRA,LIML,1664928000,EMB-505 Phenom 300,Embraer,EMB-505 Phenom 300
1725,407064,LIRA,LIPX,1643500800,EMB-505 Phenom 300,Embraer Sa,EMB-505 Phenom 300
1726,4403e0,LIPE,LIML,1664064000,EMB-505 Phenom 300,,EMB-505 Phenom 300
1727,4403e0,LIPB,LIML,1670371200,EMB-505 Phenom 300,,EMB-505 Phenom 300
1728,407185,LIPE,LIRQ,1655510400,EMB-505 Phenom 300,Embraer Sa,EMB-505 Phenom 300
1729,3cdde1,LICC,LIPR,1660521600,EMB-505 Phenom 300,Embraer,EMB-505 Phenom 300
1730,49d407,LIMJ,LIPZ,1660003200,EMB-505 Phenom 300,,EMB-505 Phenom 300
1731,4d2130,LIMC,LIRZ,1663977600,Global 6000,Bombardier,Global 6000
1732,4d2130,LIMC,LIAF,1661558400,Global 6000,Bombardier,Global 6000
1733,5000f9,LIPZ,LIPX,1641686400,Global 6000,Bombardier,Global 6000
1734,5000f9,LIPB,LIPZ,1641081600,Global 6000,Bombardier,Global 6000
1735,42475f,LIPZ,LIRA,1667952000,Lineage 1000,Embraer,Lineage 1000
1736,4d20ac,LIPZ,LIRA,1652313600,Global Express,Bombardier,Global Express
1737,4d20ac,LIML,LIPZ,1652313600,Global Express,Bombardier,Global Express
1738,4d20ac,LIRA,LIML,1652313600,Global Express,Bombardier,Global Express
1739,342294,LIML,LIRA,1655078400,Global Express,Bombardier,Global Express
1740,49328b,LIPZ,LIPE,1666137600,680A Citation Latitude,Cessna,680A Citation Latitude
1741,49328b,LIML,LIMJ,1651104000,680A Citation Latitude,Cessna,680A Citation Latitude
1742,49328b,LIRA,LIPZ,1651363200,680A Citation Latitude,Cessna,680A Citation Latitude
1743,49328b,LIRA,LIML,1670371200,680A Citation Latitude,Cessna,680A Citation Latitude
1744,49328b,LIPE,LIML,1649203200,680A Citation Latitude,Cessna,680A Citation Latitude
1745,49328b,LIPE,LIRA,1666137600,680A Citation Latitude,Cessna,680A Citation Latitude
1746,49328b,LIPE,LIRQ,1655337600,680A Citation Latitude,Cessna,680A Citation Latitude
1747,49328b,LIRP,LIRA,1642291200,680A Citation Latitude,Cessna,680A Citation Latitude
1748,49328b,LIPX,LIPB,1644278400,680A Citation Latitude,Cessna,680A Citation Latitude
1749,49328b,LIPR,LIMC,1657497600,680A Citation Latitude,Cessna,680A Citation Latitude
1750,49328b,LIPO,LIPE,1667865600,680A Citation Latitude,Cessna,680A Citation Latitude
1751,493289,LIPZ,LIPY,1661644800,680A Citation Latitude,Textron Aviation,680A Citation Latitude
1752,493289,LIML,LIPZ,1668038400,680A Citation Latitude,Textron Aviation,680A Citation Latitude
1753,493289,LIRA,LIML,1668038400,680A Citation Latitude,Textron Aviation,680A Citation Latitude
1754,493289,LIPH,LIML,1664668800,680A Citation Latitude,Textron Aviation,680A Citation Latitude
1755,493289,LIPY,LICR,1660953600,680A Citation Latitude,Textron Aviation,680A Citation Latitude
1756,493289,LIMP,LIML,1670457600,680A Citation Latitude,Textron Aviation,680A Citation Latitude
1757,48888e,LIML,LIPZ,1655856000,Hawker 750,Hawker Beechcraft Corp,Hawker 750
1758,3007a9,LIML,LIRA,1662940800,650 Citation 7,Cessna,650 Citation 7
1759,3007a9,LIML,LIRA,1651104000,650 Citation 7,Cessna,650 Citation 7
1760,3007a9,LIML,LIRA,1662508800,650 Citation 7,Cessna,650 Citation 7
1761,3007a9,LIML,LIMF,1666396800,650 Citation 7,Cessna,650 Citation 7
1762,3007a9,LIML,LIMF,1651363200,650 Citation 7,Cessna,650 Citation 7
1763,3007a9,LIML,LIMF,1656633600,650 Citation 7,Cessna,650 Citation 7
1764,3007a9,LIML,LIPQ,1661817600,650 Citation 7,Cessna,650 Citation 7
1765,3007a9,LIML,LIMA,1653436800,650 Citation 7,Cessna,650 Citation 7
1766,3007a9,LIML,LIMA,1641513600,650 Citation 7,Cessna,650 Citation 7
1767,3007a9,LIML,LIMA,1642118400,650 Citation 7,Cessna,650 Citation 7
1768,3007a9,LIML,LIMA,1655942400,650 Citation 7,Cessna,650 Citation 7
1769,3007a9,LIML,LIMA,1663027200,650 Citation 7,Cessna,650 Citation 7
1770,3007a9,LIML,LIAT,1656892800,650 Citation 7,Cessna,650 Citation 7
1771,3007a9,LIRA,LIML,1662940800,650 Citation 7,Cessna,650 Citation 7
1772,3007a9,LIRA,LIML,1655337600,650 Citation 7,Cessna,650 Citation 7
1773,3007a9,LIRA,LIMF,1651104000,650 Citation 7,Cessna,650 Citation 7
1774,3007a9,LIRA,LIMF,1646092800,650 Citation 7,Cessna,650 Citation 7
1775,3007a9,LIRA,LIMF,1653955200,650 Citation 7,Cessna,650 Citation 7
1776,3007a9,LIRA,LIMF,1669593600,650 Citation 7,Cessna,650 Citation 7
1777,3007a9,LIRA,LIMF,1649203200,650 Citation 7,Cessna,650 Citation 7
1778,3007a9,LIRA,LIEO,1663113600,650 Citation 7,Cessna,650 Citation 7
1779,3007a9,LIRA,LIMA,1664841600,650 Citation 7,Cessna,650 Citation 7
1780,3007a9,LIRA,LIMA,1667347200,650 Citation 7,Cessna,650 Citation 7
1781,3007a9,LIRA,LIMA,1668297600,650 Citation 7,Cessna,650 Citation 7
1782,3007a9,LIRA,LIMA,1663632000,650 Citation 7,Cessna,650 Citation 7
1783,3007a9,LIRA,LIMA,1663113600,650 Citation 7,Cessna,650 Citation 7
1784,3007a9,LIRA,LIMA,1665360000,650 Citation 7,Cessna,650 Citation 7
1785,3007a9,LIRA,LIMA,1663545600,650 Citation 7,Cessna,650 Citation 7
1786,3007a9,LIRA,LIMA,1664064000,650 Citation 7,Cessna,650 Citation 7
1787,3007a9,LIRA,LIMA,1651622400,650 Citation 7,Cessna,650 Citation 7
1788,3007a9,LIPE,LIPZ,1644883200,650 Citation 7,Cessna,650 Citation 7
1789,3007a9,LIRP,LIML,1656633600,650 Citation 7,Cessna,650 Citation 7
1790,3007a9,LIRP,LIML,1654041600,650 Citation 7,Cessna,650 Citation 7
1791,3007a9,LIRQ,LIPH,1665446400,650 Citation 7,Cessna,650 Citation 7
1792,3007a9,LIMF,LIRF,1657929600,650 Citation 7,Cessna,650 Citation 7
1793,3007a9,LIMF,LIML,1655251200,650 Citation 7,Cessna,650 Citation 7
1794,3007a9,LIMF,LIML,1641859200,650 Citation 7,Cessna,650 Citation 7
1795,3007a9,LIMF,LIML,1655596800,650 Citation 7,Cessna,650 Citation 7
1796,3007a9,LIMF,LIML,1662422400,650 Citation 7,Cessna,650 Citation 7
1797,3007a9,LIMF,LIML,1653955200,650 Citation 7,Cessna,650 Citation 7
1798,3007a9,LIMF,LIML,1667260800,650 Citation 7,Cessna,650 Citation 7
1799,3007a9,LIMF,LIML,1647129600,650 Citation 7,Cessna,650 Citation 7
1800,3007a9,LIMF,LIML,1656460800,650 Citation 7,Cessna,650 Citation 7
1801,3007a9,LIMF,LIRA,1663632000,650 Citation 7,Cessna,650 Citation 7
1802,3007a9,LIMF,LIRA,1646092800,650 Citation 7,Cessna,650 Citation 7
1803,3007a9,LIMF,LIRA,1664841600,650 Citation 7,Cessna,650 Citation 7
1804,3007a9,LIMF,LIRA,1663113600,650 Citation 7,Cessna,650 Citation 7
1805,3007a9,LIMF,LIRA,1665360000,650 Citation 7,Cessna,650 Citation 7
1806,3007a9,LIMF,LIRA,1667347200,650 Citation 7,Cessna,650 Citation 7
1807,3007a9,LIMF,LIRA,1663891200,650 Citation 7,Cessna,650 Citation 7
1808,3007a9,LIMF,LIRA,1655078400,650 Citation 7,Cessna,650 Citation 7
1809,3007a9,LIMF,LIRA,1669593600,650 Citation 7,Cessna,650 Citation 7
1810,3007a9,LIMF,LIRA,1653868800,650 Citation 7,Cessna,650 Citation 7
1811,3007a9,LIMF,LIRA,1663545600,650 Citation 7,Cessna,650 Citation 7
1812,3007a9,LIMF,LIRA,1668124800,650 Citation 7,Cessna,650 Citation 7
1813,3007a9,LIMF,LIRA,1649116800,650 Citation 7,Cessna,650 Citation 7
1814,3007a9,LIMF,LIRA,1663891200,650 Citation 7,Cessna,650 Citation 7
1815,3007a9,LIMF,LIRA,1651622400,650 Citation 7,Cessna,650 Citation 7
1816,3007a9,LIMF,LIPH,1665446400,650 Citation 7,Cessna,650 Citation 7
1817,3007a9,LIMF,LIBD,1648252800,650 Citation 7,Cessna,650 Citation 7
1818,3007a9,LIMF,LIBD,1670889600,650 Citation 7,Cessna,650 Citation 7
1819,3007a9,LIMF,LIMJ,1644192000,650 Citation 7,Cessna,650 Citation 7
1820,3007a9,LIMF,LIMJ,1650931200,650 Citation 7,Cessna,650 Citation 7
1821,3007a9,LIMF,LIMJ,1657670400,650 Citation 7,Cessna,650 Citation 7
1822,3007a9,LIMF,LIPR,1665100800,650 Citation 7,Cessna,650 Citation 7
1823,3007a9,LIPH,LIML,1665446400,650 Citation 7,Cessna,650 Citation 7
1824,3007a9,LIPH,LIRQ,1665446400,650 Citation 7,Cessna,650 Citation 7
1825,3007a9,LICJ,LIMF,1663200000,650 Citation 7,Cessna,650 Citation 7
1826,3007a9,LIEO,LIRA,1663113600,650 Citation 7,Cessna,650 Citation 7
1827,3007a9,LIBD,LIMF,1648339200,650 Citation 7,Cessna,650 Citation 7
1828,3007a9,LIBD,LIMF,1670889600,650 Citation 7,Cessna,650 Citation 7
1829,3007a9,LIMJ,LIML,1651017600,650 Citation 7,Cessna,650 Citation 7
1830,3007a9,LIMJ,LIMF,1644364800,650 Citation 7,Cessna,650 Citation 7
1831,3007a9,LIMJ,LIMA,1658016000,650 Citation 7,Cessna,650 Citation 7
1832,3007a9,LIPQ,LIML,1661904000,650 Citation 7,Cessna,650 Citation 7
1833,3007a9,LIPR,LIMA,1665187200,650 Citation 7,Cessna,650 Citation 7
1834,ac3c89,LIML,LICR,1654819200,Citation CJ4,Cessna,Citation CJ4
1835,42435c,LIME,LIRP,1652832000,Citation CJ4,Cessna,Citation CJ4
1836,3cd436,LIPR,LIRZ,1651449600,Citation CJ4,Cessna,Citation CJ4
1837,49d44a,LIRA,LIMF,1646956800,560XL Citation Excel,,560XL Citation Excel
1838,49d44a,LIRP,LIML,1656892800,560XL Citation Excel,,560XL Citation Excel
1839,49d44a,LIMF,LIRA,1646870400,560XL Citation Excel,,560XL Citation Excel
1840,49d44a,LIMF,LIBD,1647129600,560XL Citation Excel,,560XL Citation Excel
1841,49d44a,LIBD,LIMF,1646870400,560XL Citation Excel,,560XL Citation Excel
1842,49d44a,LIMJ,LIML,1662163200,560XL Citation Excel,,560XL Citation Excel
1843,49d44a,LIRZ,LIMC,1651795200,560XL Citation Excel,,560XL Citation Excel
1846,399251,LIME,LIPQ,1661472000,ERJ-145LR,Embraer,ERJ-145LR
1847,399251,LIPQ,LIME,1661385600,ERJ-145LR,Embraer,ERJ-145LR
1848,399251,LIRZ,LIMP,1660953600,ERJ-145LR,Embraer,ERJ-145LR
